enemy_name,region,hp,race,traits,action_pattern,image_url,source_url,extraction_note
酒瓶哥,海盗港湾,,人类,无。,回合开始时随机执行其一 造成5点伤害/获得5点护甲/造成8点伤害。,https://i0.hdslb.com/bfs/article/4ffc37b3d6d47e319fcade964ca8114bc44f68fb.jpg@!web-article-pic.avif,https://www.bilibili.com/read/cv4268233,
独眼小鬼头,海盗港湾,,人类,无。,回合开始随机执行其一 施加一层虚弱/造成4点伤害并施加一层虚弱/造成7点伤害。,https://i0.hdslb.com/bfs/article/3728e4bd5df575f9010eea30a6cdf7ed5aeae501.jpg@!web-article-pic.avif,https://www.bilibili.com/read/cv4268233,
炮哥,海盗港湾,,人类,无。,每隔两回合造成一次25点伤害。,https://i0.hdslb.com/bfs/article/033182c7d066bc11024a42659bc7b6851e90697e.jpg@!web-article-pic.avif,https://www.bilibili.com/read/cv4268233,
胖子,海盗港湾,,人类,沉重。,回合开始时随机执行其一 造成6点伤害/使随机敌人增加5点护甲。,https://i0.hdslb.com/bfs/article/b3a9aa8d5a1870a14817484de9e900fc16b1ab37.jpg@!web-article-pic.avif,https://www.bilibili.com/read/cv4268233,
奶妈小老头,海盗港湾,,人类,无。,造成4点伤害并随机施加一层（虚弱/脆弱）→所有敌人回7血…… 循环,https://i0.hdslb.com/bfs/article/1afb0c8fe95496c83f7288e8dfaf0fc396b79f6c.jpg@!web-article-pic.avif,https://www.bilibili.com/read/cv4268233,
窃贼,海盗港湾,,人类,每次造成伤害都会偷取10点银币，击败则还回所偷取的所有银币。会逃跑。,造成5点伤害→造成6点伤害→造成7点伤害→造成8点伤害→获得5点护甲→逃跑并失去被偷走的所有银币。,https://i0.hdslb.com/bfs/article/0af784fbde62ab1c66b275e853fe64627479c8f8.jpg@!web-article-pic.avif,https://www.bilibili.com/read/cv4268233,
巨石墙森,海盗港湾,,人类,无。,使所有敌人获得6点护甲→造成8点伤害→造成8点伤害…… 循环,https://i0.hdslb.com/bfs/article/989f6ba82239644847fefb39c85949fcc46d745f.jpg@!web-article-pic.avif,https://www.bilibili.com/read/cv4268233,
厨子,海盗港湾,,人类,无。,使随机一名敌人获得2层愤怒→造成6点伤害→给血量最少的敌人回复12点生命值…… 循环,https://i0.hdslb.com/bfs/article/5f3cf3c305d3b4a4f2b197625ae85a6dee842d81.jpg@!web-article-pic.avif,https://www.bilibili.com/read/cv4268233,
打鱼船员,海盗港湾,,人类,会扔诅咒。,造成10点伤害→塞一张朽木到手牌→造成10点伤害→造成10点伤害→塞一张朽木到手牌…… 循环 | （最多塞一张到手牌，多个的时候多余的扔进抽牌堆）,https://i0.hdslb.com/bfs/article/627cc2c8bccb016c07403ffe35e1ae8a860e8df4.jpg@!web-article-pic.avif,https://www.bilibili.com/read/cv4268233,
短刀哥,海盗港湾,,人类,自带20点护甲，有护甲时伤害+3。,造成4x2点伤害→获得15点护甲→造成4x3点伤害→获得10点护甲…… 循环,https://i0.hdslb.com/bfs/article/c347629be7aa53c9ffcdeb8cfc7dec4cf64252d6.jpg@!web-article-pic.avif,https://www.bilibili.com/read/cv4268233,
酒桶兄,海盗港湾,,人类,沉重。,获得10点护甲→并获得2层醉酒→造成6点伤害并施加一层醉酒→造成8点伤害…… 循环,https://i0.hdslb.com/bfs/article/0391f5169eac134e11bcf2318513c33414039e71.jpg@!web-article-pic.avif,https://www.bilibili.com/read/cv4268233,
双刀哥,海盗港湾,,人类,每次攻击结束下次攻击伤害增加1点。,1x5…… 循环,https://i0.hdslb.com/bfs/article/f23e653a9ff02cd91b3bc5943592e352203a1acd.jpg@!web-article-pic.avif,https://www.bilibili.com/read/cv4268233,
黑人兄弟,海盗港湾,,人类,无。,造成8点伤害→获得10点护甲并向前移动一格……（循环直至最前排） | 然后行动规律改为： | 造成8点伤害→造成8点伤害→获得10点护甲…… 循环,https://i0.hdslb.com/bfs/article/11d9d4789249727ded6609c276b6bb00512ae6de.jpg@!web-article-pic.avif,https://www.bilibili.com/read/cv4268233,
穿透海盗,海盗港湾,,人类,攻击具有穿透效果。,造成6点伤害造成 5x2点伤害→获得两层愤怒…… 循环,https://i0.hdslb.com/bfs/article/4b8bd4bfa414bf42e1f764953629b2810ddca22b.jpg@!web-article-pic.avif,https://www.bilibili.com/read/cv4268233,
琵琶哥,海盗港湾,,人类,会扔诅咒。,扔一张尖刺海胆到抽牌堆→使所有敌人回复5点生命值并获得1层愤怒…… 循环,https://i0.hdslb.com/bfs/article/d0fd7aff8f8ef80bad37b356aa237e1705d2067b.jpg@!web-article-pic.avif,https://www.bilibili.com/read/cv4268233,
双枪老船长,海盗港湾,,人类,每次被攻击时增加一点攻击力。,造成4点伤害→造成4x2点伤害→造成4x3点伤害…… 循环,https://i0.hdslb.com/bfs/article/adb112de48820e9b013a564a876d76e042080757.jpg@!web-article-pic.avif,https://www.bilibili.com/read/cv4268233,
捕捞人,海盗港湾,,人类,每次攻击使目标失去所有护甲。,造成1点伤害并施加一层虚弱→造成1点伤害并施加一层致盲→造成1x4并增加一点攻击力…… 循环,https://i0.hdslb.com/bfs/article/15f5e22bf70640665ba5865eb43c2f956ebaee79.jpg@!web-article-pic.avif,https://www.bilibili.com/read/cv4268233,
尖刺护甲,海盗港湾,,人类,自带10点护甲，有护甲的时候受到物理伤害反伤5点伤害。,获得15点护甲→造成6点伤害→造成7点伤害→造成8点伤害…… 循环（每造成一次伤害，下次攻击加1点攻击力。） | 港湾boss篇： | 图一boss；,https://i0.hdslb.com/bfs/article/eaf2207f7a6a233fa20124e3da210a86bbf6339a.jpg@!web-article-pic.avif,https://www.bilibili.com/read/cv4268233,
胖胖,海盗港湾,100,人类,自带30点护甲和一个小弟。,造成8点伤害→造成2x3点伤害→造成8点伤害→增加2点攻击力…… 循环（没盾的时候下回合增加20盾和2点攻击力并获得一层免疫）,https://i0.hdslb.com/bfs/article/94be4b1699675b8a546a5f105c764e95b5d0874b.jpg@!web-article-pic.avif,https://www.bilibili.com/read/cv4268233,
贝尔,海盗港湾,180,人类,自带一个小弟，半血后狂暴。,造成5点伤害→造成3x2点伤害→获得15点护甲→增加2点攻击力…… 循环 | 狂暴前一回合：使你失去所有护甲。 | 狂暴： | 造成7点伤害并施加2层虚弱→造成4x2点伤害→获得一层愤怒…… 循环 | （每次受到伤害时增加一点攻击力。）,https://i0.hdslb.com/bfs/article/c194e4322ddf6a3d199d24a0f4dfa1cdebfd4733.jpg@!web-article-pic.avif,https://www.bilibili.com/read/cv4268233,
巨锚汉克,海盗港湾,180,人类,沉重。,施加三层脆弱→空一回合→造成30点伤害→造成5点伤害→获得10护甲并增加5点攻击力…… 循环 | 图二boss；,https://i0.hdslb.com/bfs/article/42e055f2486d8957651bc4b6d1327d1b3356d088.jpg@!web-article-pic.avif,https://www.bilibili.com/read/cv4268233,
巴拉克,海盗港湾,210,人类,自带25点护甲和5层免疫。每次造成同等于当前护甲值的伤害。,造成同等于当前护甲伤害→获得30点护甲…… 循环（每次获得护甲下一次额外+5）,https://i0.hdslb.com/bfs/article/f1fec316cbffc4967dad932ae90ca42bb9a04e48.jpg@!web-article-pic.avif,https://www.bilibili.com/read/cv4268233,
尖刺豪猪,海盗港湾,180,人类,自带50点护甲。每次对他造成物理伤害时都会被施加一层重伤。,造成5x2点伤害→获得5点护甲→施加5层重伤→获得10点护甲并获得一层标记……循环,https://i0.hdslb.com/bfs/article/f35ded5884021659b167362904bdd914be3ab70f.jpg@!web-article-pic.avif,https://www.bilibili.com/read/cv4268233,
霍达兄弟,海盗港湾,80,人类,另一位死亡时狂暴。 | 无。,造成10点伤害→造成10点伤害→造成15点伤害→造成15点伤害…… 循环 | 狂暴前一回合：回复50点生命值。 | 狂暴： | 造成14x2点伤害造成→14x2点伤害→空一回合→造成29点伤害并施加2层脆弱…… 循环 | 后排哥哥： | 所有敌人获得2层愤怒→所有敌人增加3点攻击力→所有敌人获得2层免疫并回复20点生命值→施加2层标记…… 循环 | 图三boss；,https://i0.hdslb.com/bfs/article/2e3be8790688d44cf0cd33e0502d8daaeade8d0f.jpg@!web-article-pic.avif,https://www.bilibili.com/read/cv4268233,前排弟弟：
传奇盗贼,海盗港湾,200,,当另一位死亡时狂暴。每次攻击会偷取一发弹药，若没有弹药则施加2层标记。（狂暴偷2） | 当另一位死亡时狂暴。,所有敌人获得10点护甲→造成15点伤害…… 循环 | 狂暴：和上述一样。 | 后排黑女： | 造成10点伤害→所有敌人获得一层愤怒→造成15点伤害→所有敌人获得一层愤怒…… 循环 | 狂暴： | 造成15点伤害→增加15点护甲并获得一层愤怒→造成20点伤害→增加15先护甲并获得一层愤怒……循环 | （每次攻击命中时施加1层标记）,https://i0.hdslb.com/bfs/article/fd414ffedb74a8ca34e9138c5659de8de86bf9cf.jpg@!web-article-pic.avif,https://www.bilibili.com/read/cv4268233,前排白男：
指挥官,海盗港湾,240,人类,出场自带2个小弟，有小弟在场时物理攻击免疫。,所有敌人获得两层愤怒→造成15点伤害→造成6x3点伤害……循环（当小弟死亡时下回合召回）,https://i0.hdslb.com/bfs/article/530c3896906e485402e1953e2e6c76c9ee0de529.jpg@!web-article-pic.avif,https://www.bilibili.com/read/cv4268233,
黑胡子罗杰斯,海盗港湾,300,人类,自带一宝箱。击败宝箱获得三张升级后的宝石。（红绿蓝）,造成10点伤害→施加3层愤怒→造成10点伤害获得一层免疫回复100点生命值并增加5点攻击力…… 循环 （箱子被击败时狂暴） | 狂暴前一回合：获得4层愤怒。 | 狂暴： | 造成20点伤害→造成15点伤害并施加2层脆弱冫造成25点伤害→获得30点护甲…… 循环 | 这就是第一期的全部内容了。 | 港湾所有的小怪以及boss全部都在这里了…… | 后续会继续更新骷髅群岛等其他地图的图典。 | 以下是往期图鉴cv： | 海盗港湾：本期 | 骷髅群岛：CV4330854 | 灵魂裂隙：CV4414393 | 失落之地：CV4546658 | 冰封北境：CV4805157 | 东方海域（人）：CV5731238 | 东方海域（幽）：CV5970285 | 如果还有什么不会的加入 | 《枪与香蕉》的官方QQ群：832659107 | 喜欢的朋友们点个赞。 | 我是咸鱼小偷，一条不会游泳的鱼……我们下期再见~,https://i0.hdslb.com/bfs/article/66789d5766b657ff38e1999fac7deb52f37eb679.jpg@!web-article-pic.avif,https://www.bilibili.com/read/cv4268233,
小骷髅,骷髅群岛,,不死族,死亡后会变成一堆骷髅，第三回合变回小骷髅。骷髅堆没有行为。 | 初始血量40，死亡后复活会变成20。,每回合开始随机执行一个行为；造成5点伤害/造成8点伤害/获得5点护甲。,https://i0.hdslb.com/bfs/article/b1e6a00436691d7739f38eca868e89e517ff241d.jpg@!web-article-pic.avif,https://www.bilibili.com/read/cv4330854,
普通骷髅,骷髅群岛,,不死族,无。,每回合开始时随机执行一个行为；造成6点伤害/造成10点伤害/获得5点护甲。,https://i0.hdslb.com/bfs/article/2d31a00031b955bb600594b18c4a09b43e925686.jpg@!web-article-pic.avif,https://www.bilibili.com/read/cv4330854,
双刀骷髅堆,骷髅群岛,,不死族,复活前没有行动，第三回合复活。复活后每次攻击伤害+1。,造成2x4点伤害……循环,https://i0.hdslb.com/bfs/article/f1b9e57cfc6cf738ea64bbc621133c382162a527.jpg@!web-article-pic.avif,https://www.bilibili.com/read/cv4330854,
骷髅兵,骷髅群岛,,不死族,出场自带10点护甲。死亡时所有敌人增加10点护甲。每次攻击伤害+1。,造成4点伤害……循环,https://i0.hdslb.com/bfs/article/001264db6089e10c37dd358b5c89d85ef5edf307.jpg@!web-article-pic.avif,https://www.bilibili.com/read/cv4330854,
龟壳骷髅,骷髅群岛,,行动规律,每回合开始时失去所有护甲。,获得100点护甲→造成12点伤害……循环,https://i0.hdslb.com/bfs/article/9e8b3828e4d1d3df7e92e5ee13c699810f0872d9.jpg@!web-article-pic.avif,https://www.bilibili.com/read/cv4330854,
窃贼骷髅,骷髅群岛,,不死族,首回合随机从你的抽排堆里偷走一张牌。（没有牌就偷不到牌）,造成12点伤害→造成12点伤害→造成12点伤害→逃跑并永久移除掉偷走的牌。,https://i0.hdslb.com/bfs/article/c3e8bef18187598648f2e49406ffc3d2a4bf3979.jpg@!web-article-pic.avif,https://www.bilibili.com/read/cv4330854,
手提琴骷髅,骷髅群岛,,,会扔诅咒，施加标记。,首回合扔一张鱼骨到抽牌堆。 | 回合开始时随机执行一个行为；造成8点伤害/群体获得一层愤怒/施加一层标记/扔一张鱼骨到抽牌堆。,https://i0.hdslb.com/bfs/article/a384c3430340267efae79cca1e9e1d6c908ff3a6.jpg@!web-article-pic.avif,https://www.bilibili.com/read/cv4330854,
圆盾骷髅,骷髅群岛,,不死族,出场自带50点护甲。失去所有护甲时，下回合插入一个“获得50点护甲”的行为。,造成8点伤害→造成6x3点伤害→造成8点伤害……循环,https://i0.hdslb.com/bfs/article/0d31283d0171b736836a029bfdc6071caa5fbeb8.jpg@!web-article-pic.avif,https://www.bilibili.com/read/cv4330854,
自爆骷髅,骷髅群岛,,不死族,会自爆。 | 当场上还有其他敌人时，每回合开始时行为变为“失去10点生命值，其他敌人增加一点攻击力。” | 当没有其它敌人时，下回合行为变为“造成当前同等血量伤害。”,造成当前同等血量伤害。（上面有）,https://i0.hdslb.com/bfs/article/baf71d89643e19f5dc0885ba4971e2e3b2a5ca92.jpg@!web-article-pic.avif,https://www.bilibili.com/read/cv4330854,
宝箱骷髅怪（确信）,骷髅群岛,,不死族,会破甲。,目标失去所有护甲并施加两层脆弱→造成12点伤害→造成8x2点伤害……循环 | 骷髅群岛boss篇： | 图一；,https://i0.hdslb.com/bfs/article/b6088d7211fe48825d4fbe85e2a0f190e85d0391.jpg@!web-article-pic.avif,https://www.bilibili.com/read/cv4330854,
亡语牧师,骷髅群岛,140,不死族,出场自带一个小骷髅，会扔随机诅咒。（手铐，变质，束缚，潮湿）,造成8点伤害并塞一张随机诅咒进抽牌堆→获得10点护甲→造成8点伤害并塞一张随机诅咒进抽牌堆→增加4点攻击力……循环,https://i0.hdslb.com/bfs/article/78ce9fd60df38ccff28538d069fb98d8f07c7461.jpg@!web-article-pic.avif,https://www.bilibili.com/read/cv4330854,
章鱼小子,骷髅群岛,150,不死族/怪物。（即是骷髅也是海鲜。）,出场自带一个普通骷髅。,塞一张背叛到抽牌堆→造成4点伤害并施加1致盲→造成4x2点伤害→获得7点护甲→造成4x3点伤害……循环,https://i0.hdslb.com/bfs/article/061f16370e137dd4bc7737ba5046e455a11d2292.jpg@!web-article-pic.avif,https://www.bilibili.com/read/cv4330854,
黑胡子罗杰斯,骷髅群岛,180/999,不死族,自带一个999血量的箱子。箱子失去生命值时获得等量银币，每次受到伤害罗杰斯伤害+1。箱子不属于任何种族。,造成12点伤害→施加2虚弱→造成5x3点伤害→获得10点护甲→造成10点伤害并施加2脆弱……循环 | 箱子没有行动。 | 图二；,https://i0.hdslb.com/bfs/article/747e5dfdda17972cbb0214337687a0f51fa85345.jpg@!web-article-pic.avif,https://www.bilibili.com/read/cv4330854,
淘金小队,骷髅群岛,70/70/70,不死族,死亡后变成大骷髅堆，血量30。两回合后复活。,铲子（一号位）：回合开始时随机执行一个行为；造成8点伤害/造成10点伤害。 | 钩子（二号位）：造成5点伤害且施加1层虚弱→全体获得6点护甲→造成5点伤害且施加1虚弱……循环 | 金刀（三号位）：群体获得1层愤怒→塞一张鱼骨到抽牌堆→造成8点伤害……循环,https://i0.hdslb.com/bfs/article/1cdf4851463eebc92839330ac923bf413e05db3f.jpg@!web-article-pic.avif,https://www.bilibili.com/read/cv4330854,
守墓人,骷髅群岛,180,人类种族,出场自带两个骷髅小弟。（可召回） | 回合结束后场上没有随从时，下回合的行动改为[召唤两个(骷髅:随机一种)到场上] | 回合结束后剩下一个随从时，下次的行动改为[造成8点伤害],造成12点伤害→施加2层虚弱→群体获得2愤怒……循环,https://i0.hdslb.com/bfs/article/fdfefd97e61d88878238867031b9823ac03e76de.jpg@!web-article-pic.avif,https://www.bilibili.com/read/cv4330854,
瘟疫祭祀,骷髅群岛,160,不死族,自带俩小弟，会扔诅咒。,造成8点伤害→施加2层虚弱→造成8点伤害→塞一张顽疾到你的手牌……循环 | (注:顽疾战斗结束不会消失，留存在牌库) | 图三；,https://i0.hdslb.com/bfs/article/d285941a9a03b238b2c0fa96c9469bb533da432a.jpg@!web-article-pic.avif,https://www.bilibili.com/read/cv4330854,
驼背船长,骷髅群岛,800,不死族,沉重。出场自带俩爆炸兵，死亡时生效遗言。（可召回）,驼背船长：造成1点伤害……循环 | 自爆兵：造成5点伤害……循环,https://i0.hdslb.com/bfs/article/659a8f6a65a33d05153081a012b3be910d788700.jpg@1256w_628h_!web-article-pic.avif,https://www.bilibili.com/read/cv4330854,遗言：所有单位获得5层重伤。 | boss每次攻击结束后伤害+1，若场上没有小弟下回合插入一个召唤小弟的行动。
骷髅将军,骷髅群岛,300,不死族,出场自带俩手提琴骷髅。,造成5点伤害→造成10点伤害→造成15点伤害→造成20点伤害→造成25点伤害→增加5点攻击力……循环,https://i0.hdslb.com/bfs/article/cc041c9542500974218879e9f07559f8ffbb55d7.jpg@1256w_610h_!web-article-pic.avif,https://www.bilibili.com/read/cv4330854,
部落哨兵,骷髅群岛,180/180,人类种族,每回合将血量恢复到一致。（最高的那个为基准）,红毛（一号位）：造成8点伤害并施加3虚弱→造成12点伤害→塞一张束缚到你的抽牌堆→造成5x3点伤害……循环 | 绿毛（二号位）：群体增加8点护甲并获得2愤怒→塞一张手铐到你的抽牌堆→造成16点伤害→塞一张手铐到你的抽牌堆……循环 | 第二期就先到这里了。 | 后续更新后会找时间继续做的，反正不会鸽了就对了~ | （实际上还有一个竞技场的物免骷髅，由于他身在竞技场不属于骷髅群岛的所以我没有算上他。后续在一并补齐好了……） | 以下是往期图鉴cv： | 海盗港湾：CV4268233 | 骷髅群岛：本期 | 灵魂裂隙：CV4414393 | 失落之地：CV4546658 | 冰封北境：CV4805157 | 东方海域（人）：CV5731238 | 东方海域（幽）：CV5970285 | 另外新卡包的预告片已经出来了！ | 网址入下： | https://m.weibo.cn/detail/4459567939270928 | 我是咸鱼小偷，一条不会游泳的鱼…… | 我们下期再见，拜~,https://i0.hdslb.com/bfs/article/cf3327371c12ecce9a6a5b87bbc0ae22aaf845b7.jpg@!web-article-pic.avif,https://www.bilibili.com/read/cv4330854,
幽灵酒瓶哥,灵魂裂隙,,幽灵种族,每次攻击伤害+1。,每回合开始随机执行一个行为； | 造成5点伤害/获得5点护甲。,https://i0.hdslb.com/bfs/article/1cca959e9667226030fc146c483fda14ad755199.jpg@!web-article-pic.avif,https://www.bilibili.com/read/cv4414393,
幽灵双刀哥,灵魂裂隙,,幽灵种族,每次受到物理攻击增加一段伤害，每回合伤害+1。,造成2点伤害……循环,https://i0.hdslb.com/bfs/article/ad846a5bf99f1804c2cce9274b13a1b3f958efbb.jpg@!web-article-pic.avif,https://www.bilibili.com/read/cv4414393,
持盾哥,灵魂裂隙,,幽灵种族,开局自带10点护甲。,造成8点伤害→使血量最低的敌人增加8点护甲→造成5点伤害并施加两层虚弱→造成8点伤害……循环,https://i0.hdslb.com/bfs/article/e44a22bd9c2c9d3c28ebda5c60fb313072877aad.jpg@!web-article-pic.avif,https://www.bilibili.com/read/cv4414393,
断腿海盗,灵魂裂隙,,人类种族。（在裂隙的人类颜色和幽灵差不多，有点难分辨。建议注意他们的服饰和肤色颜色是否一致）,每次回合开始+1伤害，回合内每次失去生命值时减少一点攻击力。,回合开始执行一个行动； | 造成6点伤害/获得5点护甲,https://i0.hdslb.com/bfs/article/216e03722c82648913d7d3a1edaa540bbe36f8e4.jpg@!web-article-pic.avif,https://www.bilibili.com/read/cv4414393,
幽灵炮手,灵魂裂隙,,幽灵种族,前两回合蓄力。,蓄力结束后行动变为； | 造成20点伤害……循环,https://i0.hdslb.com/bfs/article/883e98c161bcee803cf96b10ee48891e81d0153b.jpg@!web-article-pic.avif,https://www.bilibili.com/read/cv4414393,
沉海幽灵,灵魂裂隙,,幽灵种族,每次受到物理攻击将一张朽木加入抽牌堆。,群体获得2层愤怒→群体回复6点生命值→造成8点伤害→造成8点伤害……循环,https://i0.hdslb.com/bfs/article/f48d97e47ff84459d920dbd9a126c9522f234ebc.jpg@!web-article-pic.avif,https://www.bilibili.com/read/cv4414393,
举盾幽灵,灵魂裂隙,,幽灵种族,开局自带15点护甲。没有护甲的时候攻击翻倍，并在下回合获得10点护甲。,施加2层虚弱→造成10点伤害→造成10点伤害……循环,https://i0.hdslb.com/bfs/article/6e8ac33a0d221ce92ca5591424748b94eb15e02f.jpg@!web-article-pic.avif,https://www.bilibili.com/read/cv4414393,
奏乐幽灵,灵魂裂隙,,幽灵种族,会扔诅咒。,扔一张寄生到抽牌堆→群体回7点生命值并获得2层愤怒……循环,https://i0.hdslb.com/bfs/article/896bbbf366bd3ee1ee1e8a417c24b5f59725c785.jpg@!web-article-pic.avif,https://www.bilibili.com/read/cv4414393,
诡异石像,灵魂裂隙,,无种族（不属于任何种族，和箱子同理）,会扔诅咒。,造成5点伤害并随机扔一张溺水/约束到抽牌堆→造成5点伤害并随机扔一张溺水/约束到抽牌堆→造成10点伤害……循环,https://i0.hdslb.com/bfs/article/1110c5a1cb899e8b40f2d5837c3b86c29bde5b9a.jpg@!web-article-pic.avif,https://www.bilibili.com/read/cv4414393,
幽灵宝箱,灵魂裂隙,,幽灵种族,箱子状态被击杀获得50银币，然后进入战斗状态。箱子状态前两回合不行动，第三回合变身战斗状态。,（战斗状态）造成6x2点伤害→获得2层愤怒→造成10点伤害……循环,https://i0.hdslb.com/bfs/article/a8beea01df371b8865c7bf79d81e0abaeb7ca203.jpg@!web-article-pic.avif,https://www.bilibili.com/read/cv4414393,
幽灵祭祀,灵魂裂隙,,幽灵种族,无。,回合开始时随机执行一个行为； | 群体获得2愤怒/群体回8点生命值/造成8点伤害,https://i0.hdslb.com/bfs/article/def2e90936e8a5c20c35cf393e598c4673e532bf.jpg@!web-article-pic.avif,https://www.bilibili.com/read/cv4414393,
河豚厨子,灵魂裂隙,,人类种族,施加重伤。,造成10点伤害→造成15点伤害→施加5层重伤……循环,https://i0.hdslb.com/bfs/article/dd9515a65aa10b87569331c4161651d20a3cbfe1.jpg@!web-article-pic.avif,https://www.bilibili.com/read/cv4414393,
蓝皮肤长矛,灵魂裂隙,,人类种族：,生命值低于50％后向后移动两次，距离每-1，伤害+2。,造成4x2点伤害并附带一层脆弱→造成5x2点伤害……循环,https://i0.hdslb.com/bfs/article/bd60bdfb7f15dc961ee6a3a62476f9115cb472fe.jpg@!web-article-pic.avif,https://www.bilibili.com/read/cv4414393,
蓝皮肤门板哥,灵魂裂隙,,人类种族,出场自带15点护甲，有护甲时造成的伤害增加一次。,造成5x2点伤害获→得15点护甲→造成5x3点伤害→获得15点护甲……循环,https://i0.hdslb.com/bfs/article/240bb9893944277385ac4bb7cb5c9e8dfa92925f.jpg@!web-article-pic.avif,https://www.bilibili.com/read/cv4414393,
蓝皮肤巨石哥,灵魂裂隙,,人类种族,无,造成10点伤害→群体增加5点护甲并获得2层免疫→造成10点伤害……循环,https://i0.hdslb.com/bfs/article/522942778156d2525010b8a663d602f095468c80.jpg@!web-article-pic.avif,https://www.bilibili.com/read/cv4414393,
蓝皮肤鱼叉老头,灵魂裂隙,,人类种族,破甲。每次攻击增加一点伤害。,目标失去所有护甲→造成1x4点伤害……循环 | boss篇： | 图一；,https://i0.hdslb.com/bfs/article/c2f69fdfa6551361ea66b49ec265d799f03a22f0.jpg@!web-article-pic.avif,https://www.bilibili.com/read/cv4414393,
地狱厨子,灵魂裂隙,200,幽灵种族,扔诅咒。每次攻击扔一张破绽到抽牌堆。,扔两张破绽到抽牌堆造成5点伤害→造成5点伤害→造成5点伤害……循环,https://i0.hdslb.com/bfs/article/a2f8e37d808ab9fbbea9cd019d2a7cfe3c0b313d.jpg@!web-article-pic.avif,https://www.bilibili.com/read/cv4414393,
幽灵女士,灵魂裂隙,200,幽灵种族,出场自带一小弟。扔诅咒。每8回合插入一次打5并扔诅咒娃娃到手牌的行为。（主动扔的上限为2，若扔的那张被移除则继续扔直到卡组拥有2张扔的诅咒）,造成5点伤害并扔一张诅咒娃娃到手牌→造成8点伤害→获得两层愤怒→施加2层虚弱→造成18点伤害→获得10点护甲→造成8点伤害→获得2愤怒→施加2虚弱……循环,https://i0.hdslb.com/bfs/article/79c91f6001fa5f8932234b59312a3aa992652fb7.jpg@!web-article-pic.avif,https://www.bilibili.com/read/cv4414393,
杰克琼斯,灵魂裂隙,180,幽灵种族,扔诅咒。,造成6x2点伤害→扔一张腐朽到抽牌堆→获得10点护甲→造成6x2点伤害→扔一张腐朽到抽牌堆→获得5点护甲并增加1点攻击力……循环 | 图二；,https://i0.hdslb.com/bfs/article/7c14d2bd18e00a0e9ab885b1f72bd80446fb8834.jpg@!web-article-pic.avif,https://www.bilibili.com/read/cv4414393,
变异屠夫,灵魂裂隙,300,人类种族,破甲/施加标记。,造成10点伤害→造成15点伤害→使目标失去所有护甲若目标没有护甲则施加两层标记→造成20点伤害→获得10甲并增加3点伤害 ……循环,https://i0.hdslb.com/bfs/article/55f3e423a270c69b4404a40c5b260fd93aa3db84.jpg@!web-article-pic.avif,https://www.bilibili.com/read/cv4414393,
头骨收集者,灵魂裂隙,300,幽灵种族,塞惊喜礼物。,扔一张惊喜礼物加入手牌→造成15点伤害→施加一层致盲→造成30点伤害→获得2层免疫→造成12点伤害……循环,https://i0.hdslb.com/bfs/article/5796822c847df808eb8e772bddb8dde4d4d05464.jpg@!web-article-pic.avif,https://www.bilibili.com/read/cv4414393,
灵魂乐队,灵魂裂隙,100/100/100,幽灵种族,每有一名敌人死亡时所有敌人增加5点攻击力。,（1号位）鼓手：造成7点伤害→施加2层虚弱→造成7点伤害→群体获得2层愤怒……循环 | （2号位）手风琴：群体获得8点护甲→造成8点伤害→扔两张朽木到抽牌堆→造成8点伤害……循环 | （3号位）吉他：造成5x2点伤害→获得3层免疫→造成5x2点伤害→施加3层致盲……循环 | 图三；,https://i0.hdslb.com/bfs/article/ae6ab37a1fc153dfd636278c7abe212f08047202.jpg@!web-article-pic.avif,https://www.bilibili.com/read/cv4414393,
贵族绅士,灵魂裂隙,320,幽灵种族,会分身。分身在你的回合失去生命值时消失或是在分身攻击后消失。,分身并增加3点攻击力（包括分身）→造成6点伤害……循环,https://i0.hdslb.com/bfs/article/a23a8d5fc598d45929622235d5bb0417002bc829.jpg@!web-article-pic.avif,https://www.bilibili.com/read/cv4414393,
壮壮（图出自 @万圣清明 视频中截取）,灵魂裂隙,500,幽灵种族,每轮减少一个最低值，直到每回合都造成32点伤害。,造成1点伤害→造成2点伤害→造成4伤害→造成8点伤害→造成16点伤害→造成32点伤害……循环 | 。。。这期没怎么用心做，有点划水。 | 下期我更努力的QwQ） | 以下是往期图鉴cv： | 海盗港湾：CV4268233 | 骷髅群岛：CV4330854 | 灵魂裂隙：本期 | 失落之地：CV4546658 | 冰封北境：CV4805157 | 东方海域（人）：CV5731238 | 东方海域（幽）：CV5970285 | 枪与香蕉官方群：832659107 | 不懂就问(=_=) | 我是咸鱼小偷，一条不会游泳的鱼…… | 我们下期再见，拜~,https://i0.hdslb.com/bfs/article/a6f206e26fc391c0453e96253442789874ce33c3.jpg@!web-article-pic.avif,https://www.bilibili.com/read/cv4414393,
小螃蟹,失落之地,,怪兽,每回合增加一点攻击力。,造成2点伤害 循环 | 野性本能：造成2x3点伤害。,https://i0.hdslb.com/bfs/article/4dce68244b7a2cd7a05586073c520a83a2a47bc4.jpg@!web-article-pic.avif,https://www.bilibili.com/read/cv4546658,
蟹脚船员,失落之地,,怪兽/人类,无。,回合开始时随机执行一个行为； | 造成5点伤害/获得5点护甲。 | 野性本能：群体回复10点生命值并获得两层愤怒。,https://i0.hdslb.com/bfs/article/ef3a6af130e535cd4cd6cf610141570f4b7fc92a.jpg@!web-article-pic.avif,https://www.bilibili.com/read/cv4546658,
变异强盗,失落之地,,怪兽/人类,扔诅咒，施加状态。,造成3x2点伤害→获得一层闪避→施加两层虚弱→造成4x2点伤害 循环 | 野性本能：施加两层虚弱并将一张束缚扔进抽牌堆。,https://i0.hdslb.com/bfs/article/a083ab7b81fd37ab14a948083e37b09d07486c25.jpg@!web-article-pic.avif,https://www.bilibili.com/read/cv4546658,
神秘的箱子,失落之地,,无。（击杀前）,箱子形态被击杀增加30点银币，然后随机出现一只螃蟹。（小/中/大）,无行为。 | 若箱子状态时场上无其他敌人则回合结束后逃跑。,https://i0.hdslb.com/bfs/article/3e93c0818f766c981f259c8c5dc28b3d0ca2c3d1.jpg@!web-article-pic.avif,https://www.bilibili.com/read/cv4546658,
蟹钳海盗,失落之地,,怪兽/人类,出场自带20点护甲。,给血量最低的敌人增加7点护甲→造成7点伤害→造成4x3点伤害 循环 | 野性本能：增加8护甲获得3层愤怒并增加一段伤害。,https://i0.hdslb.com/bfs/article/319c0aaaef1931e614f59c43c5f2a63591ffcda1.jpg@!web-article-pic.avif,https://www.bilibili.com/read/cv4546658,
重度变异体,失落之地,,怪兽/人类,出场自带15点护甲。有护甲时被攻击施加两层重伤。,回合开始时随机执行一个行为； | 获得2层免疫/造成5点伤害/获得15点护甲。 | 野性本能：获得15点护甲。,https://i0.hdslb.com/bfs/article/b63b1d64696eebc0be3fbce3fbca5b014e75cbd1.jpg@!web-article-pic.avif,https://www.bilibili.com/read/cv4546658,
螃蟹,失落之地,,怪兽,每回合结束增加一点攻击力。,造成4点伤害 循环 | 野性本能：造成4X3点伤害。,https://i0.hdslb.com/bfs/article/f1739c203d60ed7a13be103a063282a575211807.jpg@!web-article-pic.avif,https://www.bilibili.com/read/cv4546658,
龟壳海盗,失落之地,,人类,出场自带20点护甲。每隔一回合则后退一个单位。当退到最后一个单位后，再次后退则直接逃跑。若击败则随机获得一张未升级的馈赠/弱肉强食。,造成5点伤害→退后 循环,https://i0.hdslb.com/bfs/article/752b0fb5fa0f9074fe040424bd3dd455147f984c.jpg@!web-article-pic.avif,https://www.bilibili.com/read/cv4546658,
霸爪海盗,失落之地,,怪兽/人类,扔诅咒。（沉重）,无行为→造成20点伤害并随机扔一张防具生锈/施加三层脆弱 循环 | 野性本能：回复20点生命值。,https://i0.hdslb.com/bfs/article/e1ebd008fdf3eb9264582cd2826cff466129786f.jpg@!web-article-pic.avif,https://www.bilibili.com/read/cv4546658,
蟹爪海盗,失落之地,,怪兽/人类,无。,造成6点伤害→获得2层愤怒→造成6点伤害 循环 | 野性本能：攻击行为增加一段伤害。（造成6点伤害变为造成6x2点伤害）,https://i0.hdslb.com/bfs/article/fe16cff353a9e6cda3e09f1080b36767941ce9be.jpg@!web-article-pic.avif,https://www.bilibili.com/read/cv4546658,
触手厨子,失落之地,,怪兽/人类,每次攻击施加三层重伤。（沉重）,造成9点伤害→造成12点伤害→回复10点生命值→获得2层免疫 循环 | 野性本能：造成5X3点伤害。,https://i0.hdslb.com/bfs/article/833414ee79f89ffa4a21c4f0b6b58a52786d9c76.jpg@!web-article-pic.avif,https://www.bilibili.com/read/cv4546658,
黑刀,失落之地,,人类种族,若不在最前排则每回合前进一个单位。,在一号位时候的行动规律： | 造成12x2点伤害 循环,https://i0.hdslb.com/bfs/article/d3fd77dee961e885dc77b57116c28817beab7fcc.jpg@!web-article-pic.avif,https://www.bilibili.com/read/cv4546658,
触手海盗,失落之地,,怪兽/人类,每次失去生命值增加一点攻击力。,造成2x2点伤害 循环 | 野性本能：造成2x4点伤害。,https://i0.hdslb.com/bfs/article/442bac1d8cc3d70d140c396c2a3491ab51456c7e.jpg@!web-article-pic.avif,https://www.bilibili.com/read/cv4546658,
大螃蟹,失落之地,,怪兽,每回合结束增加一点攻击力。,造成6点伤害 循环 | 野性本能：造成6x3点伤害。 | boss篇： | 图一；,https://i0.hdslb.com/bfs/article/d77c0a6b6afc692bfd4903ea93e69ccfa0a3f0d5.jpg@!web-article-pic.avif,https://www.bilibili.com/read/cv4546658,
章鱼小捕手,失落之地,150,怪兽/人类,自带俩小弟。扔诅咒，施加状态，增伤。,造成10点伤害→施加一层致盲→造成5点伤害并塞一张潮湿到抽牌堆→回复10点生命值并增加5点攻击力 循环 | 野性本能：失去所有护甲并施加三层致盲。,https://i0.hdslb.com/bfs/article/f46f48bd6300677b146720af931f58c89c459aea.jpg@!web-article-pic.avif,https://www.bilibili.com/read/cv4546658,
胖商人,失落之地,150,人类,自带俩小弟。（可召回）增伤，扔诅咒。,造成5点伤害→扔一张残次品到抽牌堆→小弟回复5点生命值→小弟增加5点攻击力→小弟回复5点生命值 循环 | 当首次小弟全部死亡后，每回合开始若场上无小弟，则召回。 | 行动规律改为： | 造成5点伤害→扔一张残次品到抽牌堆→造成5点伤害→小弟回复5点生命值→小弟增加5点攻击力 循环,https://i0.hdslb.com/bfs/article/44aa9c24fe1298e5e63c1aa166a54bd491f7de3d.jpg@!web-article-pic.avif,https://www.bilibili.com/read/cv4546658,
暴食船长,失落之地,150/200。,人类/怪兽,自带一小弟，首回合50点伤害打自己小弟。如果打之前小弟死亡则改为获得12点护甲，如果没死则打死小弟自己变身。变身后，增加50点最大生命值并获得两层愤怒。（沉重）,未变身成功： | 造成8x2点伤害→获得12点护甲→造成8x2点伤害→获得12点护甲→获得两层愤怒→造成25点伤害 循环 | 变身成功： | 造成15点伤害→施加两层致盲→造成6x3点伤害→增加2点攻击力 循环,https://i0.hdslb.com/bfs/article/6b5887463c01bf326ad3a997bdb6d829d98b8675.jpg@!web-article-pic.avif,https://www.bilibili.com/read/cv4546658,
章鱼哥,失落之地,,怪兽/人类,自带一小弟。施加状态，增伤。（沉重）,造成5点伤害→造成5x2点伤害→造成5x3点伤害造成5x4点伤害→增加一点攻击力 循环 | 野性本能：施加三层醉酒。,https://i0.hdslb.com/bfs/article/e98abddd3170c335041cc12a25d816be29c77b69.jpg@!web-article-pic.avif,https://www.bilibili.com/read/cv4546658,
捕鲨人,失落之地,200,人类,攻击带有护甲的目标时施加三层重伤。,造成10点伤害→获得两层愤怒→造成4x4点伤害→获得10点护甲且攻击力+2 循环,https://i0.hdslb.com/bfs/article/5075abe3cb5c2032401b7f1ddb4cbc098196ef5c.jpg@!web-article-pic.avif,https://www.bilibili.com/read/cv4546658,
鲨鱼爷爷,失落之地,200,怪兽/人类,自带一个小弟。（可召回）会扔诅咒，施加状态，增伤。,造成10点伤害→造成7点伤害并施加两层虚弱→群体回复10点生命值→造成10点伤害→召唤小弟且群体攻击力+2 循环 | 野性本能：扔一张寄生藤壶到抽牌堆。 | 图三；,https://i0.hdslb.com/bfs/article/a3eb37518c1dfb3ab92c0b4f2da8139cfb74c6c9.jpg@!web-article-pic.avif,https://www.bilibili.com/read/cv4546658,
蟹老板,失落之地,500,怪兽,自带一小弟。（可召回）扔诅咒，破甲，施加状态。（沉重）,造成10点伤害→失去所有护甲并获得三层脆弱→造成20点伤害并召唤小弟（若有则不召唤）→群体获得一层愤怒并额外给小弟回复30点生命值 循环 | （若小弟死亡，则隔两回合插入召唤行为） | 野性本能：造成8X3点伤害，并扔一张武器生锈/防具生锈到抽牌堆里。,https://i0.hdslb.com/bfs/article/bea188bbc69f27b740886931ba41979ff8ff96b5.jpg@1256w_586h_!web-article-pic.avif,https://www.bilibili.com/read/cv4546658,
寄居蟹,失落之地,500,怪兽,自带一小弟。（可召回）短暂物理免疫，扔诅咒，施加标记。（沉重）,造成15点伤害→施加一层标记→造成15点伤害→缩壳状态（增加10点护甲、一层免疫并获得一回合物理免疫）→增加三点攻击力召唤（若场上已有则无行为） 循环 | 野性本能：扔三张针刺海胆到抽牌堆。,https://i0.hdslb.com/bfs/article/bb442f2be59db1ca293583e08aed75772d7bcb24.jpg@!web-article-pic.avif,https://www.bilibili.com/read/cv4546658,
章鱼女王,失落之地,250,怪兽/人类,出场自带俩小弟。（可召回）施加状态，增伤。,造成3x3点伤害→施加两层致盲→造成3x5点伤害→群体增加10点护甲并获得两层免疫 循环 | （若场上无小弟时，则下回合插入召唤两名小弟行为） | 野性本能：群体回复15点生命值并增加一点攻击力。 | 隐藏boss：,https://i0.hdslb.com/bfs/article/ebfb8d991d0835dd767423bceb079060690476fe.jpg@!web-article-pic.avif,https://www.bilibili.com/read/cv4546658,
海怪,失落之地,999,怪兽,自带一波小弟，击败三根触手后进入主战。主站带一小弟，可召回。（半血后再次呼唤出三只触手，本体移位到第二波）会扔诅咒，施加状态。（本体为沉重单位）,造成10点伤害→造成10点伤害→召唤触手并给触手施加一层愤怒（若场上已有则不会召唤）→造成10点伤害→施加一层致盲 循环 | 半血前： | 野性本能：造成10x2点伤害。 | 半血后立刻将一张触手捆绑加入到手牌，且召唤三只触手自己则进入第二波。 | 野性本能：造成20点伤害并扔一张触手捆绑到手牌。 | 遇到隐藏boss海怪流程看： | CV4535372 | 总算都整完了，失落之地的强度可不容小视。 | 建议大家多多努力，后面我会尽快肝出来最后一期来！（目前为止） | 以下是往期图鉴cv： | 海盗港湾：CV4268233 | 骷髅群岛：CV4330854 | 灵魂裂隙：CV4414393 | 失落之地：本期 | 冰封北境：CV4805157 | 东方海域（人）：CV5731238 | 东方海域（幽）：CV5970285 | 枪与香蕉官方QQ群：832659107 | 欢迎更多萌新前来报道~ | 感谢观看， | 我是咸鱼小偷一条不会不会游泳的鱼…… | 我们下期再见，拜( •̥́ ˍ •̀ू ),https://i0.hdslb.com/bfs/article/3d9fa408444c2b610d0f885867faf093b3a75f07.jpg@1256w_606h_!web-article-pic.avif,https://www.bilibili.com/read/cv4546658,
野蛮强盗,冰封北境,,人类种族,每次攻击+2攻击力。,回合开始时随机执行一个行为；造成4点伤害/获得6点护甲。,https://i0.hdslb.com/bfs/article/52202947015203f6802c526cf197608da6c37b0a.jpg@!web-article-pic.avif,https://www.bilibili.com/read/cv4805157,
长柄斧的好兄弟,冰封北境,,人类种族,无。,造成8点伤害→增加4点攻击力……循环,https://i0.hdslb.com/bfs/article/35aaf4f2e572b8d6c874c6283ae5e301ac8b7530.jpg@!web-article-pic.avif,https://www.bilibili.com/read/cv4805157,
醉酒双刀,冰封北境,,人类种族,无。,获得2层醉酒→造成1x4点伤害→造成2x5点伤害→造成3x6点伤害……循环,https://i0.hdslb.com/bfs/article/bb90de5b8e8e8b85e5e6bee7499e36e55df4886f.jpg@!web-article-pic.avif,https://www.bilibili.com/read/cv4805157,
白狼,冰封北境,,怪物种族,无。,群体获得2层愤怒→造成6点伤害……循环 | 野性本能：造成6X2点伤害。,https://i0.hdslb.com/bfs/article/2fae5fd38988b83e54a789668338b31110fd3014.jpg@!web-article-pic.avif,https://www.bilibili.com/read/cv4805157,
肥胖主厨,冰封北境,,人类种族,施加重伤。,每回合开始时随机执行一个行为；施加4层重伤/造成7点伤害/回复7点生命值并获得一层免疫。,https://i0.hdslb.com/bfs/article/484abd160741e7a4819ba28396b7b1a5f16dce9e.jpg@!web-article-pic.avif,https://www.bilibili.com/read/cv4805157,
背剑短刀,冰封北境,,人类种族,无,造成4点伤害→造成4x2点伤害8造成4x3点伤害→增加3点攻击力……循环,https://i0.hdslb.com/bfs/article/f8dc2210415153503d1fcd5c0f7ffb70b4cd5c3f.jpg@!web-article-pic.avif,https://www.bilibili.com/read/cv4805157,
鱼纹盾牌斧手,冰封北境,,人类种族,出场自带10点护甲。,回合开始随机执行一个行动；造成8点伤害/获得8点护甲。,https://i0.hdslb.com/bfs/article/d2bd1df6e4d7f324f0827503cf48fcc15e8cf7e0.jpg@!web-article-pic.avif,https://www.bilibili.com/read/cv4805157,
石板盾汉,冰封北境,,人类种族,出场自带20护甲，沉重。每次失去所有护甲时获得一层标记，下回合插入一个行为；获得20点护甲并增加2点攻击力。,造成2x2点伤害→造成2x2点伤害→增加2点攻击力……循环,https://i0.hdslb.com/bfs/article/e74b851eb2c40e49856c29eacd8a4c400da28f2b.jpg@!web-article-pic.avif,https://www.bilibili.com/read/cv4805157,
炸药狂,冰封北境,,人类种族,第四回合自爆。（对所有目标造成当前同等血量的伤害，并死亡。）,造成1点伤害→造成2点伤害→造成3点伤害。,https://i0.hdslb.com/bfs/article/d8afdf61e10c709cda6c9228db2ffbfc324043d6.jpg@!web-article-pic.avif,https://www.bilibili.com/read/cv4805157,
号角老头,冰封北境,,人类种族,死亡时给所有敌人增加2点攻击力，并获得3层愤怒。,群体获得2层愤怒→造成6点伤害……循环,https://i0.hdslb.com/bfs/article/788735468f07e1d2d406530518d968d1e71c95b7.jpg@!web-article-pic.avif,https://www.bilibili.com/read/cv4805157,
法术老头,冰封北境,,人类种族,扔诅咒。,扔两张冰刺到抽牌堆→造成10点技能伤害（穿透）……循环,https://i0.hdslb.com/bfs/article/8cd2379924fdd971a1335712aa281a274e0385cc.jpg@!web-article-pic.avif,https://www.bilibili.com/read/cv4805157,
石锤兵,冰封北境,,人类种族,每次攻击后伤害翻倍。,造成1点伤害→造成2点伤害→造成4点伤害→造成8点伤害→造成16点伤害→造成32点伤害→造成64点伤害→造成128点伤害……循环,https://i0.hdslb.com/bfs/article/468d762faa03fe24e0d233bbaae50d082fa16bfd.jpg@!web-article-pic.avif,https://www.bilibili.com/read/cv4805157,
雪球爹（外号挂逼）,冰封北境,,人类种族,每次攻击附带一层虚弱。对虚弱层数大于5的目标造成暴击。首回合造成4x2点伤害。,造成4x3点伤害造成4x3点伤害造成4x3点伤害5x2造成5x2伤害……循环,https://i0.hdslb.com/bfs/article/924d2faaecfc9b630e87f509cd16095a89b0daff.jpg@!web-article-pic.avif,https://www.bilibili.com/read/cv4805157,
狼女,冰封北境,160,人类种族,出场自带2头黑狼，对有重伤的目标造成暴击。半血后前后各召唤一头黑狼。,造成5点伤害→回复10点生命值→造成2x3点伤害→回复7点生命值并增加2点攻击力→造成2x3点伤害……循环 | 野性本能：扔两张冰刺到抽牌堆。,https://i0.hdslb.com/bfs/article/38e8be22436752a2420e12a2b1a3c65820302adb.jpg@!web-article-pic.avif,https://www.bilibili.com/read/cv4805157,
熊人族,冰封北境,220,人类种族,变身后攻击附带一层重伤。,造成4x2点伤害→造成5x2点伤害→造成6x2点伤害→回复20点生命值（首次变身）……循环,https://i0.hdslb.com/bfs/article/25280ee01954746f8d278e8ee17b4422b95db4bb.jpg@!web-article-pic.avif,https://www.bilibili.com/read/cv4805157,阵营：中立。
先锋队长,冰封北境,120,人类种族,出场自带两个小弟。每有一名小弟死亡时增加2点攻击力。场上至少有一个小弟，否则小弟死亡时下回合召回。（最多一个）,群体获得2层愤怒→造成3x2点伤害→造成7点伤害……循环,https://i0.hdslb.com/bfs/article/8c879037ff4aef8cccd2e5d85abe56b0d59385b9.jpg@1256w_590h_!web-article-pic.avif,https://www.bilibili.com/read/cv4805157,阵营：开拓者 | 图二；
极地老者,冰封北境,240,人类种族,出场自带一小弟，会扔诅咒。,扔一张延时标记加入抽牌堆→造成6点伤害→造成12点伤害→造成24点伤害……循环,https://i0.hdslb.com/bfs/article/a64eed155d8fdd53e50f7388bcb63004bc9e76ee.jpg@!web-article-pic.avif,https://www.bilibili.com/read/cv4805157,阵营：中立
狼王,冰封北境,200,人类种族,出场自带黑白两狼。狼每受到一次伤害boss增加一点攻击力。 | 当血量低于50％后下回合插入召唤两头黑狼的行为。,扔一张降级到抽排队→造成8点伤害→对随机一名敌人回复12点生命值→造成4x2点伤害……循环,https://i0.hdslb.com/bfs/article/53adddc144804398895e3812511e7dbff44a07f3.jpg@!web-article-pic.avif,https://www.bilibili.com/read/cv4805157,阵营：北地民。
精英队长,冰封北境,240,人类种族,出场自带一雪球爹。穿透，扔诅咒。首回合塞两张朽木到手牌。,回合开始时随机执行一个行为；塞2 张朽木到手牌/ 造成12点穿透伤害/造成18伤害/获得10点护甲并增加5点攻击力。,https://i0.hdslb.com/bfs/article/b4dfd9362e2906d2568b03fb9d9de7a60e0052ff.jpg@!web-article-pic.avif,https://www.bilibili.com/read/cv4805157,阵营：开拓者。 | 图三；
阿多,冰封北境,250,人类种族,出场自带250点护甲，沉重。每次失去所有护甲时，下回合插入获得当前血量同等护甲并获得一层免疫增加6点攻击力的行为。,造成6x2点伤害→施加2层脆弱→造成6x2点伤害→获得2层醉酒→造成6x2点伤害……循环,https://i0.hdslb.com/bfs/article/58e32bc5068e8cf326523fd58423096c1a1dc05d.jpg@!web-article-pic.avif,https://www.bilibili.com/read/cv4805157,阵营：开拓者。
格姆,冰封北境,140/300,人类种族,出场自带一小弟，会扔诅咒。 | boss每到攻击行为时有概率扔一张投掷飞斧到手牌。每有一名小弟死亡时boss下回合插入增加4点攻击力的行为。,小弟； | 扔一张冰封到抽牌堆→造成4x2点伤害→造成5x2点伤害→造成6x2点伤害……循环 | boss； | 造成9x2点伤害→群体上2层免疫→造成9x2点伤害→群体回复12点生命值……循环,https://i0.hdslb.com/bfs/article/94970de90dac722f5fbe8232d29617d66dc1bdfe.jpg@!web-article-pic.avif,https://www.bilibili.com/read/cv4805157,阵营：北地民
怒吼,冰封北境,250,人类种族,对有护甲的目标造成暴击。 | 防御姿态时内次受到物理伤害对攻击者施加4层重伤，每次攻击增加2点攻击力。 | 防御姿态时失去所有护甲切换成正常状态。,造成15点伤害→造成15点伤害→获得50点护甲并切换成防御姿态……循环 | 防御姿态时的行动规律； | 造成10点伤害……循环,https://i0.hdslb.com/bfs/article/5d2dc16ade49b3efe8480c86a2d2013177c88599.jpg@!web-article-pic.avif,https://www.bilibili.com/read/cv4805157,阵营：中立。 | 诶呀，总算是肝完了~ | 肝的我都胃疼╯▂╰（别问为什么是胃。） | 反正短暂时间内我是不可能再想更图典了…… | 值得一提的是今天（24日更新了新角色无名船长！）
刀客塔,东方海域|人类篇,,人类,每次攻击后增加一点攻击力。,回合开始随机执行一个行为；造成5点伤害/自己获得6点护甲。,https://i0.hdslb.com/bfs/article/8dc885f1f432acec83a9236bac4a56a38cd0905a.jpg@!web-article-pic.avif,https://www.bilibili.com/read/cv5731238,
流浪双刀,东方海域|人类篇,,人类种族,受到伤害减少一段伤害，最低造成一段伤害。,首回合造成5点伤害，每次回合开始+1段伤害。,https://i0.hdslb.com/bfs/article/38b2f3085363db9001e67542bfcd62642d428bae.jpg@!web-article-pic.avif,https://www.bilibili.com/read/cv5731238,
左右横跳的赤裸男,东方海域|人类篇,,人类种族,每次攻击后下回合向前/后移动一个单位。,造成2X3点伤害，每隔2回合增加2点攻击力。,https://i0.hdslb.com/bfs/article/5d2be5997fa1b4c8c3d09577cbfa7a46b671500f.jpg@!web-article-pic.avif,https://www.bilibili.com/read/cv5731238,
流浪剑客,东方海域|人类篇,,人类种族,重伤暴击。,行动规律；造成8点伤害→造成4X2点伤害(附带两层重伤)→增加8点护甲→造成8…,https://i0.hdslb.com/bfs/article/c9f61c1d5c75945489cc9e81f9d49c7a45d5f094.jpg@!web-article-pic.avif,https://www.bilibili.com/read/cv5731238,
玩火艺人,东方海域|人类篇,,人类种族,无,回合开始随机执行一个行动；施加一层致盲/造成10点法伤。,https://i0.hdslb.com/bfs/article/3df8412d8e5281f8b96690848299a5bdee3da9c4.jpg@!web-article-pic.avif,https://www.bilibili.com/read/cv5731238,
忍者,东方海域|人类篇,,人类种族,回合开始给自己一层闪避。（闪避率奇高，噗）,回合开始随机执行一个行为；造成8点伤害/造成4X3点伤害/造成5点伤害（附带一层致盲）,https://i0.hdslb.com/bfs/article/edf964bee2816308258ab61d1e14ba46b74e86c1.jpg@!web-article-pic.avif,https://www.bilibili.com/read/cv5731238,
火枪手,东方海域|人类篇,,人类种族,无。,每隔一回合造成15点伤害。,https://i0.hdslb.com/bfs/article/fcef3b121db82e43213cbcb2a0a7e50d085acb64.jpg@!web-article-pic.avif,https://www.bilibili.com/read/cv5731238,
“肉夹馍”,东方海域|人类篇,,人类种族,出场自带20点护甲。,行动规律；造成3X2点伤害→增加7点护甲→造成3X2点伤害→增加5点护甲并增加一点攻击力→造成4X2点伤害→增加7…,https://i0.hdslb.com/bfs/article/763427da09db86079fc3da20ba2cb5345b927abc.jpg@!web-article-pic.avif,https://www.bilibili.com/read/cv5731238,
“窝窝头”（一口气四个…）,东方海域|人类篇,,人类种族,出场自带10点护甲。,行动规律；造成6点伤害（有护甲被破坏时伤害暴击）→获得10点护甲并增加一点攻击力→造成7…,https://i0.hdslb.com/bfs/article/e60222ce28133f35aea2db15c52dd48389c3e695.jpg@!web-article-pic.avif,https://www.bilibili.com/read/cv5731238,
长弓手,东方海域|人类篇,,人类种族,无。,行动规律；施加一层标记→造成10点伤害→造成10点伤害→恢复10点生命值→施加一层标记…,https://i0.hdslb.com/bfs/article/d18093ed61b3140da3af503d163adc4b890b84e8.jpg@!web-article-pic.avif,https://www.bilibili.com/read/cv5731238,
戴着面具的武士,东方海域|人类篇,,人类种族,无。,造成10点伤害，每隔一回合给自己一回合近战反击远程反击并增加两点攻击力。,https://i0.hdslb.com/bfs/article/a11da23f63964cd6a97651994cef5e03a2ce2cdd.jpg@!web-article-pic.avif,https://www.bilibili.com/read/cv5731238,
渔夫,东方海域|人类篇,,人类种族,生命值低于50％时恢复同等损失的生命值。,行动规律；造成4X2点伤害→造成6X2点伤害→增加10点护甲→造成8X2点伤害→造成4X2…,https://i0.hdslb.com/bfs/article/f0c7f57ffe599619346e57642711ce85209fc605.jpg@!web-article-pic.avif,https://www.bilibili.com/read/cv5731238,
钓鱼老者,东方海域|人类篇,,人类种族,会扔诅咒。,行动规律；造成8点伤害→扔一张失窃到抽牌堆→造成8点伤害→扔一张随机诅咒到抽牌堆→造成8… | 东方boss篇： | 图一boss,https://i0.hdslb.com/bfs/article/847c792105ea85ad6875250e3717106fa8413499.jpg@!web-article-pic.avif,https://www.bilibili.com/read/cv5731238,
卖艺人（boss）,东方海域|人类篇,150,人类种族,出场自带一小弟。,造成6点法伤，小弟被击杀时增加2点法伤并恢复10点生命值。下回合召唤回小弟。,https://i0.hdslb.com/bfs/article/3f5c36866515cf33a96a36479c32395fc5e72ce1.jpg@!web-article-pic.avif,https://www.bilibili.com/read/cv5731238,
幽灵狼,东方海域|人类篇,40,幽灵种族,boss的小弟。,造成5点伤害，每回合增加一段伤害。,https://i0.hdslb.com/bfs/article/9a5e2f3d9f23ed27cb598e521bcd35eaa8255c36.jpg@!web-article-pic.avif,https://www.bilibili.com/read/cv5731238,
相扑力士（boss）,东方海域|人类篇,250,人类种族,会扔诅咒，沉重。,行动规律；造成10点伤害→造成4X2点伤害→造成10点伤害→造成5X2点伤害→将一张活靶子加入手牌→造成10点伤害→增加3点攻击力→造成13点伤害…,https://i0.hdslb.com/bfs/article/267a5c9d03d003f1beb520188b9002a7620194ea.jpg@!web-article-pic.avif,https://www.bilibili.com/read/cv5731238,
纸伞夫人（boss）,东方海域|人类篇,120,人类种族,出厂自带俩小弟，一回合最多承受两次物理伤害。然后进入物理免疫状态。,行动规律；造成6点伤害（小弟死亡后增加6点伤害）→施加两层虚弱→造成6X2点伤害→群体获得一层愤怒→施加两层虚弱→造成6X2点伤害→造成6…,https://i0.hdslb.com/bfs/article/a4a88e42ec74abd73eb1286709b7e857df9ccbce.jpg@!web-article-pic.avif,https://www.bilibili.com/read/cv5731238,
孪生海盗（boss）,东方海域|人类篇,240,人类种族,生命值低于50％前每隔一回合来回切换近战攻击伤害/远程伤害（以及近反/远反），每隔2回合增加2点攻击力。,近战两种攻击方式；造成4X2点伤害/造成10点伤害。 | 远程两种攻击方式；造成3X2点伤害/造成8点伤害。 | 生命值低于50％以下时，丢弃武器并造成0X4点伤害。每隔一回合增加10点护甲。,https://i0.hdslb.com/bfs/article/f65511346858bcfb0d4056cd85c5595a10c638e8.jpg@!web-article-pic.avif,https://www.bilibili.com/read/cv5731238,
加农船长（boss）,东方海域|人类篇,270,人类种族,出场自带一小弟，会扔诅咒，沉重。,行动规律；获得两层愤怒→施加一层标记→造成20点伤害并增加5点伤害→扔一张最坏的礼物到抽牌堆→获得两层愤怒… | 图三boss,https://i0.hdslb.com/bfs/article/b84a902aec61914cf96c7f500a3bc5ff2fff6e4f.jpg@!web-article-pic.avif,https://www.bilibili.com/read/cv5731238,加农船长（boss）
水师提督（boss）,东方海域|人类篇,300,人类种族,出场自带俩小弟，小弟死亡后下回合召回幽灵小弟，会扔诅咒。,行动规律；造成15点伤害→扔一张敌方增援到抽牌堆→造成20点法伤→施加一层标记并增加5点攻击力→造成20点伤害…,https://i0.hdslb.com/bfs/article/3bfe7e482944faf69e6692c26d1c43a3c4e3215b.jpg@!web-article-pic.avif,https://www.bilibili.com/read/cv5731238,
傀儡大师（boss）（此图出自我的视频，原图找不到了）,东方海域|人类篇,200,人类种族,出场自带俩小弟，小弟死亡后下回合召回，会扔诅咒。,行动规律；群体获得一层愤怒→扔两张朽木→群体增加三点攻击力→自己恢复20点生命值→群体获得一层愤怒…,https://i0.hdslb.com/bfs/article/22858c68a515c5face5816bda5f8bc5a687986a2.jpg@!web-article-pic.avif,https://www.bilibili.com/read/cv5731238,
傀儡,东方海域|人类篇,40,特殊种族（非四大种族。）,击败后变成木头堆，boss的小弟。,行动规律；造成12点伤害→造成4X3点伤害→增加7点护甲→造成12点伤害…,https://i0.hdslb.com/bfs/article/06cce0fd403ba5571f6ac68a5994dc80c904ab2c.jpg@!web-article-pic.avif,https://www.bilibili.com/read/cv5731238,
木头堆,东方海域|人类篇,40,特殊种族,击败时扔三张朽木到抽牌堆，boss的小弟。,三回合后复活。 | 人类篇到此为止了，剩下的幽灵篇我会找时间肝出来的。 | 以下是往期图鉴cv： | 海盗港湾：CV4268233 | 骷髅群岛：CV4330854 | 灵魂裂隙：CV4414393 | 失落之地：CV4546658 | 冰封北境：CV4805157 | 东方海域（人）：本期 | 东方海域（幽）：CV5970285 | 那么，感谢观看 | 我是咸鱼小偷，一条不会游泳的鱼…… | 我们下期再见把~拜 | 官方QQ群：832659107，有什么不会的就进来问吧^ω^ | 最后，让我们迎来枪蕉最后一张地图的最后一部分。 | 幽灵篇， | 众所周知，东海海域中幽灵和人类小怪是水火不容。基本不会出现在同一场战斗中。 | （顺便说一句，昨天才发现卖艺人是在幽灵中的人类也就是说进入门后可以遇到而并不是关闭门可以遇到） | （这个错误反正没人知道就让我带着他下葬吧~） | 但是，自从更新后。up发现了一个惊人的秘密！,https://i0.hdslb.com/bfs/article/22acaff1501130625fa33b220397b989f7c277cb.jpg@!web-article-pic.avif,https://www.bilibili.com/read/cv5731238,
幽灵刀客塔,东方海域|人类篇,,幽灵种族,攻击附带一层虚弱。,造成4点伤害，每次攻击增加一点攻击力。,https://i0.hdslb.com/bfs/article/593222d06e944024909235f8b0c3a438655beb6c.jpg@!web-article-pic.avif,https://www.bilibili.com/read/cv5731238,
流浪幽灵双刀,东方海域|人类篇,,幽灵种族,每受到一次物理伤害减少一段攻击次数。（最低保留一段）,造成4X2点伤害，每回合增加一段攻击次数。,https://i0.hdslb.com/bfs/article/62db82de14a06900822cfa421634f1fb38383cf0.jpg@!web-article-pic.avif,https://www.bilibili.com/read/cv5731238,
幽灵赤裸男,东方海域|人类篇,,幽灵种族,每回合结束后向前/向后一格单位。,前两回合造成3X2点伤害，第三回合增加一点攻击力。（循环）,https://i0.hdslb.com/bfs/article/5443fb9022f1e0656f4311708f9bc3590f3060b9.jpg@!web-article-pic.avif,https://www.bilibili.com/read/cv5731238,
幽灵刀客,东方海域|人类篇,,幽灵种族,重伤暴击。,行动规律；造成6点伤害→造成3X2点伤害（附带三重重伤）→增加8点护甲→造成6…,https://i0.hdslb.com/bfs/article/cc97f3c5fd5f444cd0b737cc1b4e9049c3d95671.jpg@!web-article-pic.avif,https://www.bilibili.com/read/cv5731238,
幽灵忍者,东方海域|人类篇,,幽灵种族,自带一层闪避，每次回合开始获得一层闪避。,行动规律；造成5点伤害（附带三重重伤）→造成3X3点伤害→增加两点伤害→造成5…,https://i0.hdslb.com/bfs/article/50b4c3400b7f595b2926613dc33d3024b6c7186d.jpg@!web-article-pic.avif,https://www.bilibili.com/read/cv5731238,遗言：死亡时施加一层标记。
幽灵火枪手,东方海域|人类篇,,幽灵种族,无。,每隔一回合造成12点伤害，回合结束时增加3点攻击力。,https://i0.hdslb.com/bfs/article/f072686d88d114c9146543804d38f1e835e179f6.jpg@!web-article-pic.avif,https://www.bilibili.com/read/cv5731238,
幽灵“肉夹馍”,东方海域|人类篇,,幽灵种族,自带25盾。,造成3X2伤害，每隔一回合群体增加5点护甲。（循环）,https://i0.hdslb.com/bfs/article/dece82ee5bad20720dcddfb3c9af9740fb5a2d65.jpg@!web-article-pic.avif,https://www.bilibili.com/read/cv5731238,
幽灵长弓手,东方海域|人类篇,,幽灵种族,无。,行动规律；造成12点伤害→施加两层标记→自己回复12点生命值→造成12…,https://i0.hdslb.com/bfs/article/e6d9308d2be1a49735fb3b7d17ca63ed3fe3a9ab.jpg@!web-article-pic.avif,https://www.bilibili.com/read/cv5731238,
幽灵艺人,东方海域|人类篇,,幽灵种族,会塞诅咒。,回合开始随机执行一个行动，造成10点法伤/塞两张朽木到抽牌堆。,https://i0.hdslb.com/bfs/article/f6cb057893c3d4fc8b1fcad502135d9632d13d35.jpg@!web-article-pic.avif,https://www.bilibili.com/read/cv5731238,
幽灵“窝窝头”,东方海域|人类篇,,幽灵种族,自带10点护甲，攻击时被破甲暴击。,回合开始随机执行一个行为，增加10点护甲/造成8点伤害。,https://i0.hdslb.com/bfs/article/133ec2296c3fe98b3cfc22c5da112c793e1bdb25.jpg@!web-article-pic.avif,https://www.bilibili.com/read/cv5731238,
幽灵面具武士,东方海域|人类篇,,幽灵种族,每次攻击增加一点攻击力。,造成15点伤害，每隔一回合近战反击远程反击。（循环）,https://i0.hdslb.com/bfs/article/5233551e302bc144d6bed9ac6ec7b8f7692f6635.jpg@!web-article-pic.avif,https://www.bilibili.com/read/cv5731238,
幽灵渔夫,东方海域|人类篇,,幽灵种族,回合结束回复损失生命值的33％。,行动规律；造成4X2点伤害→造成6X2点伤害→增加10点护甲→造成8X2点伤害→造成4X2…,https://i0.hdslb.com/bfs/article/95d0baeffb1a4911b92ce487291ce83d536600b2.jpg@!web-article-pic.avif,https://www.bilibili.com/read/cv5731238,
幽灵老者,东方海域|人类篇,,幽灵种族,会扔诅咒。,前两回合造成5点伤害扔一张随机诅咒带抽牌堆，后两个回合造成5点伤害扔一张失窃到抽牌堆。 | boss篇： | 图一boss | 无（硬说那就是卖艺人，写在上一篇了。） | 图二boss,https://i0.hdslb.com/bfs/article/0d40c9e81a502abe7acbc1805f9b52f0131b0bc8.jpg@!web-article-pic.avif,https://www.bilibili.com/read/cv5731238,
黄泉引路人（boss）,东方海域|人类篇,200,幽灵种族,自带带俩小弟，可召回。,行动规律；造成7点伤害→施加1层致盲→造成12点伤害→造成7…,https://i0.hdslb.com/bfs/article/7d3c7e839482babb70bf2377791e1442a1bfbb6e.jpg@!web-article-pic.avif,https://www.bilibili.com/read/cv5731238,
幽灵猴子,东方海域|人类篇,40,幽灵种族,boss小弟，会撕卡。,行动规律；从抽牌堆随机偷一张卡→造成6点伤害→造成8点伤害→造成10点伤害→逃跑并撕卡（逃跑后被撕掉的卡永久离开卡组） | 图三boss,https://i0.hdslb.com/bfs/article/222c05ad1229c0b227f9af8324bab8277b0badb9.jpg@!web-article-pic.avif,https://www.bilibili.com/read/cv5731238,
蛮族首领（boss）,东方海域|人类篇,500,幽灵种族,会扔诅咒。,行动规律；造成9X2点伤害（附带一层脆弱）→给自己两层愤怒→造成12X2点伤害→扔两张处刑到抽牌堆→造成9X2…（每次循环+1攻击力）,https://i0.hdslb.com/bfs/article/6dbd0d1cdcff8391fc690a244ccab7af4ed9c223.jpg@!web-article-pic.avif,https://www.bilibili.com/read/cv5731238,
神龙（boss）,东方海域|人类篇,800,幽灵种族,会召唤小弟，召唤时减少当前小弟的生命值。持续到下次召唤小弟，小弟消失并回复小弟当前生命值。占两格位置。（沉重）,行动规律；召唤小弟→造成10点法伤→自己获得两层免疫→造成10点法伤→自己获得两层免疫→召唤小弟…（小弟消失或者死亡增加两点法术伤害）,https://i0.hdslb.com/bfs/article/bcc2a65be87992c2c0bb11ff0a0b8a3831ac2e00.jpg@!web-article-pic.avif,https://www.bilibili.com/read/cv5731238,
造成等同于当前护甲值的伤害→获得20点护甲 循环,东方海域|幽灵篇,,幽灵,出场自带20点护甲。,造成等同于当前护甲值的伤害→获得20点护甲 循环 | 幽灵鱼雷兵：,https://i0.hdslb.com/bfs/article/78fef7abd71951565add4bb0a4ab242f13718a56.jpg@!web-article-pic.avif,https://www.bilibili.com/read/cv5970285,
造成5x2点伤害→造成6点伤害并施加一层致盲→获得6点护甲并增加一点攻击力 循环,东方海域|幽灵篇,,幽灵,施加致盲，增伤。,造成5x2点伤害→造成6点伤害并施加一层致盲→获得6点护甲并增加一点攻击力 循环 | 幽灵机械老者：,https://i0.hdslb.com/bfs/article/bf33b5bf365c98c8992466000bf7afe2abc5cdf4.jpg@!web-article-pic.avif,https://www.bilibili.com/read/cv5970285,
回合开始时随机执行一个行为；,东方海域|幽灵篇,,幽灵,增伤，回血，施加状态。,回合开始时随机执行一个行为； | 获得10点护甲/造成6点伤害并施加一层虚弱/群体回复5点生命值并增加一点攻击力 | 幽灵游侠：,https://i0.hdslb.com/bfs/article/be408d292097d700e903c8bbe287fd48dd8f9fbb.jpg@!web-article-pic.avif,https://www.bilibili.com/read/cv5970285,
扔一张束缚到抽牌堆,东方海域|幽灵篇,,幽灵,会偷弹药。,扔一张束缚到抽牌堆 | 造成5点伤害并偷一发弹药→增加5点护甲并获得一层闪避→造成5x2点伤害且每次攻击偷取一发弹药 循环 | 幽灵杀马特：,https://i0.hdslb.com/bfs/article/b741e980aea8072b0b4d49561130dca895d62cf8.jpg@!web-article-pic.avif,https://www.bilibili.com/read/cv5970285,
boss：机械师,东方海域|幽灵篇,,幽灵,技能伤害。,群体回复6点生命值并获得一层愤怒→造成6x2点技能伤害→塞一张人质到抽牌堆→造成12点技能伤害 循环 | boss：机械师,https://i0.hdslb.com/bfs/article/96d824bb0183c3e9348f9db99a8b422532c42c8a.jpg@!web-article-pic.avif,https://www.bilibili.com/read/cv5970285,
扔一张间谍到手牌→造成12点伤害→群体获得一层愤怒→造成12点伤害 循环,东方海域|幽灵篇,400,幽灵,出场自带俩小弟（不可召回）,扔一张间谍到手牌→造成12点伤害→群体获得一层愤怒→造成12点伤害 循环 | 当场上小弟全部死亡时 | 下回合插入一个行为：施加5层重伤并将一张中毒加入抽牌堆 | 之后攻击行为变为两段（指造成12点伤害变为造成12x2点伤害） | 怪兽篇： | 河豚：,https://i0.hdslb.com/bfs/article/ec5a2a25b4cd42bc05e1587108393e27c4e9df73.jpg@1256w_708h_!web-article-pic.avif,https://www.bilibili.com/read/cv5970285,
每回合开始时随机执行一个行为；,东方海域|幽灵篇,,怪兽,施加重伤。,每回合开始时随机执行一个行为； | 造成6点伤害/获得6点护甲 | 每回合受到首次攻击后会膨胀，膨胀后每次受到攻击施加一层重伤。 | 野性本能：造成12点伤害并施加三层重伤。 | 水母：,https://i0.hdslb.com/bfs/article/d76788c34adee283666e64412a477b4c7118d8c9.jpg@!web-article-pic.avif,https://www.bilibili.com/read/cv5970285,
造成5点伤害并施加两层重伤→回复5点生命值 循环,东方海域|幽灵篇,,怪兽,施加重伤。,造成5点伤害并施加两层重伤→回复5点生命值 循环 | 野性本能：造成2x4点伤害且每次攻击附带一层重伤。 | 发光水母：,https://i0.hdslb.com/bfs/article/7fa993d38b612e2f8b02a3da5214a0f18d974e6b.jpg@!web-article-pic.avif,https://www.bilibili.com/read/cv5970285,
回合开始时随机执行一个行为；,东方海域|幽灵篇,,怪兽,出场自带20点护甲。施加致盲。,回合开始时随机执行一个行为； | 造成6点伤害并施加一层致盲/增加6点护甲并获得一层免疫/造成3x3点伤害 | 野性本能：群体增加9点护甲并获得两层免疫。 | 蓝色螃蟹：,https://i0.hdslb.com/bfs/article/b1e6a1bdd7ea8ed9d133027b7761d038bc9a342a.jpg@!web-article-pic.avif,https://www.bilibili.com/read/cv5970285,
造成6点伤害→获得6点护甲 循环,东方海域|幽灵篇,,怪兽/机械族,自爆。,造成6点伤害→获得6点护甲 循环 | 野性本能：回复10点生命值。 | 倒计时结束后自爆（固定15点伤害）。 | 木桶章鱼：,https://i0.hdslb.com/bfs/article/5042a2581d84fdc59722de4d6ab88bfc4cfd741d.jpg@!web-article-pic.avif,https://www.bilibili.com/read/cv5970285,
桶内；无。,东方海域|幽灵篇,,怪兽/机械族,蜷缩在桶内时物理免疫，沉重。,桶内；无。 | 倒计时结束后获得20点护甲。（回合结束时则出桶，且倒计时不会刷新次数） | 出桶行为； | 造成8点伤害 循环 | 若倒计时结束后站在最前面则变回桶内，若不在则向前移动一步。 | 野性本能：回复20点生命值并获得两层免疫。 | 安康鱼家族（小/中/boss官方名称：提灯鱼）： | 写在发明家任务专栏里了，传送门如下（唯一和七章里的有所不同的是，boss血量增加了100点） | CV8122294 | 机械族： | 鱼雷：,https://i0.hdslb.com/bfs/article/42ac08961edd119c87e7d60af173ded2dfc3bae8.jpg@!web-article-pic.avif,https://www.bilibili.com/read/cv5970285,
倒计时结束后自爆。（固定15点伤害）,东方海域|幽灵篇,,机械族,自爆,无行为。 | 倒计时结束后自爆。（固定15点伤害） | 机械蜗牛：,https://i0.hdslb.com/bfs/article/9dc7ef629b2c7b239f934f51fb1669bc2f39a824.jpg@!web-article-pic.avif,https://www.bilibili.com/read/cv5970285,
倒计时结束后将一张人质加入弃牌堆。,东方海域|幽灵篇,,机械族,扔诅咒，施加状态。,造成8点伤害→造成8点伤害→造成6点伤害并施加两层虚弱（每三次循环前两次攻击改为获得8点护甲）循环 | 倒计时结束后将一张人质加入弃牌堆。 | 机械食人鱼：,https://i0.hdslb.com/bfs/article/be164cb0384ec7e81ad4190a19ecbce8c906e5be.jpg@!web-article-pic.avif,https://www.bilibili.com/read/cv5970285,
造成6点伤害→获得6点护甲 循环,东方海域|幽灵篇,,机械族,无,造成6点伤害→获得6点护甲 循环 | 倒计时结束后造成6点伤害。 | 机械寄居蟹：,https://i0.hdslb.com/bfs/article/01b7a1c4ce25c2545e14d8afcef6a25e362a0bcc.jpg@!web-article-pic.avif,https://www.bilibili.com/read/cv5970285,
获得8点护甲→造成8点伤害 循环,东方海域|幽灵篇,,机械族,施加状态。,获得8点护甲→造成8点伤害 循环 | 倒计时结束后施加一层虚弱。 | 机械宝箱怪：,https://i0.hdslb.com/bfs/article/f0cc2862d12fc48a00278ff4408566d57c60a6e8.jpg@!web-article-pic.avif,https://www.bilibili.com/read/cv5970285,
显示bug，原血量就是35,东方海域|幽灵篇,,机械族,打爆后获得50银币，并变身。,变身前；无行为。（若此时场上无其他敌人则会逃跑） | 倒计时结束后（打爆后）变身。 | 变身后； | 造成6x2点伤害→造成6x2点伤害→获得6点护甲 循环 | 倒计时结束后增加一点攻击力。 | 机械蝎子：,https://i0.hdslb.com/bfs/article/ec5d9d08c55f4ecd1d89e960df145214f317a661.jpg@!web-article-pic.avif,https://www.bilibili.com/read/cv5970285,
造成6x2点伤害→无行动→造成18点伤害 循环,东方海域|幽灵篇,,机械族,近战反击/远程反击。 | 造成6x2点伤害→无行动→造成18点伤害 循环 | 倒计时结束后轮替切换近战反击/远程反击。 | 机械小偷：,,https://i0.hdslb.com/bfs/article/ce639357fcbdd2263f61de734394b7648ef3330c.jpg@!web-article-pic.avif,https://www.bilibili.com/read/cv5970285,
造成点6伤害→造成6点伤害→增加6点护甲并获得一层闪避 循环,东方海域|幽灵篇,,机械族,会偷卡。,造成点6伤害→造成6点伤害→增加6点护甲并获得一层闪避 循环 | 首次倒计时结束后从抽牌堆里随机偷走一张卡，下一次倒计时结束后逃走并从你的卡组里删掉这张卡。 | 机械海虱（感觉像但又感觉差的很多，不过就连hbr也不知道这是画的什么生物）：,https://i0.hdslb.com/bfs/article/71151cd76bd39c13fdad52f2fd146e342b7686e9.jpg@!web-article-pic.avif,https://www.bilibili.com/read/cv5970285,
造成7点伤害→群体获得一层免疫 循环,东方海域|幽灵篇,,机械族,当前全游戏回血量最高的敌人,造成7点伤害→群体获得一层免疫 循环 | 倒计时结束后群体回复9999点生命值。 | 机械章鱼：,https://i0.hdslb.com/bfs/article/0ed03db6715473aab544b577fd4d1c6f56625b74.jpg@!web-article-pic.avif,https://www.bilibili.com/read/cv5970285,
施加2层虚弱/施加一层致盲→造成6x2点伤害→造成3x4点伤害 循环,东方海域|幽灵篇,,机械族,扔诅咒，施加状态。,施加2层虚弱/施加一层致盲→造成6x2点伤害→造成3x4点伤害 循环 | 倒计时结束后将一张触手捆绑加入手牌。 | 重力宝石（出自事件）：,https://i0.hdslb.com/bfs/article/305750396784bdd332a6bd5ca11a410db5d558f6.jpg@!web-article-pic.avif,https://www.bilibili.com/read/cv5970285,
造成15点技能伤害→获得10点护甲→施加随机两层负面状态 循环,东方海域|幽灵篇,,机械族,技能伤害，施加状态，扔诅咒。出场时将一张重力失常加入到手牌。,造成15点技能伤害→获得10点护甲→施加随机两层负面状态 循环 | 倒计时结束后扔一张重力失常到抽牌堆。 | 要塞：,https://i0.hdslb.com/bfs/article/221eec9a1e7fc6e8528c035c57956993f1357fac.jpg@!web-article-pic.avif,https://www.bilibili.com/read/cv5970285,
造成20点伤害→增加10点护甲并获得一层免疫循环,东方海域|幽灵篇,600,机械族,出场自带一鱼雷（可召回），沉重。,造成20点伤害→增加10点护甲并获得一层免疫循环 | 当小弟死亡时下回合插入召唤行为。 | 倒计时结束后造成30点伤害。 | 机械海怪（事件隐藏boss）：,https://i0.hdslb.com/bfs/article/66b29bb2e28a9908c56024fbb172f55d3ac619e8.jpg@!web-article-pic.avif,https://www.bilibili.com/read/cv5970285,
boss本体（机械海怪）；,东方海域|幽灵篇,999,机械族,开局自带三层免疫，一触手，沉重。技能伤害，会扔诅咒，增伤，施加状态。,boss本体（机械海怪）； | 造成3点技能伤害→造成2点技能伤害→造成1点技能伤害→造成10x4点伤害→获得20点护甲（若场上有触手则额外给触手增加10点护甲）→造成10点伤害→增加两点攻击力 循环 | 倒计时结束后召唤触手。（若触手仍在场上时触手回复10生命值并增加5点攻击力） | 机械触手； | 造成8点伤害→施加两层致盲→造成5x2点伤害 循环 | 倒计时结束后扔一张触手捆绑到手牌。 | 东方守卫（后续事件敌人）： | 七章唯一一个人类敌人。,https://i0.hdslb.com/bfs/article/e26cf5bf7352096386fbec28ec2a6437085d910c.jpg@1256w_608h_!web-article-pic.avif,https://www.bilibili.com/read/cv5970285,
好了，这就是七章的全部敌人行动图鉴了。,东方海域|幽灵篇,,人类种族,施加状态，扔诅咒，增伤。,造成12点伤害并扔一张枷锁到手牌→获得三层闪避→造成18点伤害→回复20点生命值并增加三点攻击力→施加三层标记 循环 | 好了，这就是七章的全部敌人行动图鉴了。 | 前几期见我主页。 | 本期就到这吧。 | 感谢观看，我是鱼。下期再见。 | 官方群：1028109010 | 国际服：832659107 | 贴吧：航海奇闻吧 枪与香蕉吧,https://i0.hdslb.com/bfs/article/63f53f85c97137787886cb0b300481e83ac34d06.jpg@!web-article-pic.avif,https://www.bilibili.com/read/cv5970285,
无名囚徒（10层boss）,竞技场,,人类种族,会扔诅咒。,行动规律；获得三层愤怒→造成12点伤害→扔一张锁链到抽牌堆→增加10点护甲→造成8X2点伤害→施加两层脆弱→造成12点伤害→获得三层愤怒……,https://i0.hdslb.com/bfs/article/32fcde22d2df460a4f97b77e6d486234a5f242c5.jpg@!web-article-pic.avif,,HP:180点
露西·韦斯顿（20层boss）,竞技场,120,人类种族,自带一层闪避，回合开始获得一层闪避，会吸血。,行动规律；造成10点伤害→造成1X5点伤害（并附带一层重伤）→造成5X3点伤害→造成10点……,https://i0.hdslb.com/bfs/article/901bf0e32d75ab2ed6a0b0d5e5fce15b8d9f3078.jpg@!web-article-pic.avif,,
冒牌冠军（30层boss）,竞技场,300,人类种族,出场自带一小弟，会扔诅咒。,行动规律；扔一张破败到抽牌堆→造成15点伤害→施加三层虚弱→造成15点伤害→扔一张鱼骨到抽牌堆→造成15点伤害→施加三层脆弱→造成15点……,https://i0.hdslb.com/bfs/article/b97b42be9fb8a55df0af5f60fa95ca1ecc9c1d9e.jpg@!web-article-pic.avif,,
灵魂歌王（40层boss，截图的时候有炽热戒指加成。原本是5）,竞技场,250,不死族。（骷髅）,会减少你的生命上限，出场自带两小弟。（可召回）,奇数减少你当前生命上限的50％，偶数回合造成两点伤害。（循环）,https://i0.hdslb.com/bfs/article/4b5481863a3b826acdbb8e5b1ac423a0e5f964e6.jpg@!web-article-pic.avif,,
骷髅狗（竞技场专属小怪1）,竞技场,45,不死族,死亡后被歌王召回时造成伤害+1增加护甲+1。,回合开始随机执行一个行为；造成5点伤害/增加5点护甲。 | 五十层boss：诺恩,https://i0.hdslb.com/bfs/article/aecafbdff6b11e3cc493f9c8015fe5db1be8d313.jpg@!web-article-pic.avif,,
诺恩（50层boss）,竞技场,300,人类种族,出场自带俩小弟，（全部死亡时可召回，仅此一次）会扔诅咒。不会造成物理伤害。（进来时会有寒冷，不是永久天气会变）,行动规律；造成12点法伤→扔一张冰封到抽牌堆→造成12点法伤→获得两层免疫并增加6点法术伤害→造成18点法伤→扔一张冰封…… | （这个增伤我没测懂，我测了好几次并没有发现规律。只是大致知道他的增伤顺序；+6→+8→+12→+12→+12…）,https://i0.hdslb.com/bfs/article/ce31ffb139efb0a9763c306f4dba55782bafa91f.jpg@!web-article-pic.avif,,
长柄斧骷髅（竞技场专属怪2）,竞技场,50,不死族,无。,奇数回合造成16点伤害，偶数回合增加4点攻击力。（循环）,https://i0.hdslb.com/bfs/article/285d9fc56c804666973295ce11cc4a8d9a80921b.jpg@!web-article-pic.avif,,
骷髅锤哥（竞技场专属怪3）,竞技场,30,不死族,每次攻击伤害翻倍。,造成4点伤害，每次攻击后下回合伤害翻倍。（最高可达128）伤害达到128后伤害变为4的翻倍数。（循环） | 每次循环结束减少一个最低值。（最高保留128） | 重点考题： | 竞技场一共有11个事件（没图见谅）分别是： | （每个十层里都会随机触发一个，有些仅会触发一次） | 观众打赏：选择一张升级过的宝石。（红宝石 绿宝石 蓝宝石）（仅触发一次） | 对手受伤：你的下一场战斗敌人出场时附带一层虚弱。 | 储存罐：+100银币。（仅触发一次） | 大雾事件：下一场战斗开始时所有单位获得两层致盲。 | 旧伤复发：失去30％生命值。 | 喝多了：获得一个遗物，空酒瓶。（仅触发一次）,https://i0.hdslb.com/bfs/article/d1aa6b7fe3815e541971ffaa2726b466a31cbfcb.jpg@!web-article-pic.avif,,
宝藏猎人（60层boss）,竞技场,444,人类种族,有一回合会穿透并具有25％的生命偷取。,行动规律；造成当前同等生命值90％的穿透伤害并附带25％的生命偷取（由于四舍五入生命值低于5时会造成当前生命值同等伤害）→获得三层愤怒→造成30点伤害→破坏你所有护甲→造成30点伤害→造成当前同等生命值90％的穿透…… | 七十层boss：猴子兄弟,https://i0.hdslb.com/bfs/article/e026ef10db8209822b2639b57bd82f47b2c9fb4c.jpg@1256w_708h_!web-article-pic.avif,,
猴子兄弟（70层boss）,竞技场,60/400/120。,怪兽种族,中间那个有特殊行为~（沉重）小个猴子会扔诅咒。（都具有野性本能）,（就不单独拎出来一个个说了，一起说。行为规律会划分的清楚一点……） | 小猴子行动规律；扔一张失窃到抽牌堆→造成8点伤害→增加10点护甲→造成8点伤害→扔一张失窃…… | 野性本能：给自己回满血并扔一张失窃。 | 大猴子行动规律；造成13点伤害→塞满香蕉到手牌→造成13点伤害→群体增加12点护甲并获得两层愤怒→造成13点伤害→群体恢复12点生命值并增加3点攻击力→造成16点……（沉重） | 野性本能：塞满毒香蕉到手牌。 | 香蕉船长行动规律；施加一层醉酒→造成9点伤害→造成9X2点伤害→造成9X3点伤害→施加一层醉酒……（他才是boss哦！） | 野性本能：群体增加四层愤怒。 | 八十层boss：断头,https://i0.hdslb.com/bfs/article/e14e9202c37bd267d5bd5a78fcaf7a9c3017a177.jpg@!web-article-pic.avif,,
断头（80层boss）,竞技场,500,不死族。（虽然他有蟹爪但还是骷髅）,在你的回合使用技能卡boss本回合伤害+1。,行动规律；造成8X2点伤害→造成6X3点伤害→造成5X4点伤害→获得20点护甲并增加一点攻击力→造成9X2点…… | （好像从70层后所有敌人护甲又增加了5，这个我没注意不太清楚） | 九十层boss：炼魂女巫,https://i0.hdslb.com/bfs/article/a40c0c831d0374633caf6ebcbdd5c48ecb0fbf14.jpg@!web-article-pic.avif,,
炼魂女巫（90层boss）,竞技场,250（统一）,幽灵种族,会塞诅咒，攻击方式特殊。 | （造成50伤害时掉血减少伤害，造成0伤害时掉血增加伤害） | 如果分不清可以看她的动作。 | 张开双臂的是进攻，双手叉腰的是防守，弓背双手放在腰间的是增益/扔诅咒。,一号女巫行动规律；造成50点伤害→获得两层免疫→造成0点伤害→造成50点伤害→扔一张中毒到抽牌堆→造成50…… | 二号女巫行动规律；造成0点伤害→造成50点伤害→扔一张中毒到抽牌堆→造成50点伤害→造成0…… | 三号女巫行动规律；扔一张中毒到抽牌堆→造成0点伤害→造成50点伤害→获得两层免疫→造成50点伤害→扔一张中毒…… | （中毒，竞技场专属卡）,https://i0.hdslb.com/bfs/article/dd888eb67b515ca72a51a1212a8aa03c4e28c446.jpg@!web-article-pic.avif,,
小个子（也算半个boss）,竞技场,100,人类种族,每次回合开始时获得一层闪避，会扔诅咒。每受到一次伤害巨人增加1点攻击力。,行动规律；扔一张背叛到抽牌堆→破坏你所有护甲→施加一层脆弱→群体增加2层愤怒扔一张背叛…… | 50层以后出现的竞技场专属怪：自爆骷髅,https://i0.hdslb.com/bfs/article/8483bbdcf9e4af15114f085e46e8cb8a78fd4acb.jpg@!web-article-pic.avif,,
自爆骷髅（竞技场专属怪4）,竞技场,40,不死族,自带10点护甲以及三层免疫，物理伤害免疫。,前两回合会偷你两张卡，第三回合造成同等于当前生命值一样的伤害并死亡。（自爆后被偷走的卡会回到手牌） | 竞技场事件新增加的两个竞技场专属敌人：,https://i0.hdslb.com/bfs/article/7e258df67aebabb8d6d5d1901d792a68ea856787.jpg@1256w_708h_!web-article-pic.avif,,
最后面那个怪,竞技场,,机械族,倒计时结束后造成15点伤害。（竞技场后50敌人+1攻击力所以实际是16）,造成10点伤害→获得10点护甲 循环,https://i0.hdslb.com/bfs/article/1474abbabb345467767ad296608352b362154d93.jpg@1256w_580h_!web-article-pic.avif,,位于末尾的敌人，小要塞。
事件专属敌人,竞技场,,怪兽,,野性本能：无。（没有任何效果） | 基本上都说完了，关于推荐卡组或者怎么活的更久之类的…… | 我就不多说了，各有各的玩法。注意事项嘛…… | 建议带1~2张左右状态卡。 | 卡组大于20张弹药至少3~5张。 | 得有足够的法术伤害，以及回血保命手段。 | 尽量一个流派走到底，卡组别太杂。 | 后面别玩消耗战，敌人越强越不适合拖拖拉拉。 | （当然，以上仅为参考。小伙伴如果有更好的方案或者套路可以在评论区分享哦！） | 感谢观看， | 我是咸鱼小偷，一条不会游泳的鱼…… | 我们下期再见，拜( •̥́ ˍ •̀ू ) | 官方QQ群：832659107 | （下一期专栏讲竞技场成就攻略） | 尽请期待吧！,https://i0.hdslb.com/bfs/article/04d5d3f84dd1c63ff92317b1cdbc20185d2b5524.jpg@1256w_708h_!web-article-pic.avif,,海胆寄居蟹 | 能力：收到攻击对目标施加三层重伤。 | 行为：无。
