card_name,character,rarity,card_type,cost,description,upgrade_description,exhaust,ethereal,innate,x_cost,source_file
J.A.X.,无色,特殊,技能,0,失去3点生命。 获得2点 力量 。,失去3点生命。 获得3点 力量 。,false,false,false,false,无色牌.txt
万能药,无色,罕见,技能,0,获得1层 人工制品 。 消耗 。,获得2层 人工制品 。 消耗 。,true,false,false,false,无色牌.txt
乱战,无色,稀有,能力,2,在你的回合开始时，打出你抽牌堆顶部的牌。,在你的回合开始时，打出你抽牌堆顶部的牌。,false,false,false,false,无色牌.txt
亮剑,无色,罕见,攻击,0,造成3点伤害。 抽1张牌。,造成6点伤害。 抽1张牌。,false,false,false,false,无色牌.txt
以暴易暴,无色,特殊,攻击,0,保留 。 造成20点伤害。 消耗 。,保留 。 造成30点伤害。 消耗 。,true,false,false,false,无色牌.txt
仪式匕首,无色,特殊,攻击,1,造成15点伤害。 斩杀 时，它在本局游戏中的伤害永久性增加3。 消耗 。,造成15点伤害。 斩杀 时，它在本局游戏中的伤害永久性增加5。 消耗 。,true,false,false,false,无色牌.txt
优秀直觉,无色,罕见,技能,0,获得6点 格挡 。,获得9点 格挡 。,false,false,false,false,无色牌.txt
伤口,无色,特殊,状态,-2,不能被打出 。,,false,false,false,false,无色牌.txt
净化,无色,罕见,技能,0,从手牌中选择最多3张牌 消耗 。 消耗 。,从手牌中选择最多5张牌 消耗 。 消耗 。,true,false,false,false,无色牌.txt
包扎,无色,罕见,技能,0,回复4生命。 消耗 。,恢复6生命。 消耗 。,true,false,false,false,无色牌.txt
发现,无色,罕见,技能,1,从3张随机牌中选择1张加入你的手牌。 这张牌在本回合耗能变为0。 消耗 。,从3张随机牌中选择1张加入你的手牌。 这张牌在本回合耗能变为0。,true,false,false,false,无色牌.txt
噬咬,无色,特殊,攻击,1,造成7点伤害。 回复2点生命。,造成8点伤害。 回复3点生命。,false,false,false,false,无色牌.txt
奇迹,无色,特殊,技能,0,保留 。 获得[P]。 消耗 。,保留 。 获得[P][P]。 消耗 。,true,false,false,false,无色牌.txt
妙计,无色,罕见,技能,0,获得2点 格挡 。 抽1张牌。,获得4点 格挡 。 抽1张牌。,false,false,false,false,无色牌.txt
小刀,无色,特殊,攻击,0,造成4点伤害。 消耗 。,造成6点伤害。 消耗,true,false,false,false,无色牌.txt
平安,无色,特殊,技能,1,保留 。 获得12点 格挡 。 消耗 。,保留 。 获得16点 格挡 。 消耗 。,true,false,false,false,无色牌.txt
应急按钮,无色,罕见,技能,0,获得30点 格挡 。 你在接下来2回合内无法再从卡牌中获得格挡。 消耗 。,获得40点 格挡 。 你在接下来2回合内无法再从卡牌中获得格挡。 消耗 。,true,false,false,false,无色牌.txt
开悟,无色,罕见,技能,0,在这个回合，你当前手牌中所有牌的耗能降低到1。,在本场战斗，你当前手牌中所有牌的耗能降低到1.,false,false,false,false,无色牌.txt
心灵震慑,无色,罕见,攻击,2,固有 。 造成你抽牌堆中剩余牌数的伤害。,固有 。 造成你抽牌堆中剩余牌数的伤害。,false,false,true,false,无色牌.txt
急躁,无色,罕见,技能,0,如果你的手牌中没有攻击牌，抽2张牌。,如果你的手牌中没有攻击牌，抽3张牌。,false,false,false,false,无色牌.txt
惩恶,无色,特殊,攻击,1,保留 。 造成12点伤害。 消耗 。,保留 。 造成16点伤害。 消耗 。,true,false,false,false,无色牌.txt
战略大师,无色,稀有,技能,0,抽3张牌。 消耗 。,抽4张牌。 消耗 。,true,false,false,false,无色牌.txt
晕眩,无色,特殊,状态,-2,不能被打出 。 虚无 。,,false,true,false,false,无色牌.txt
暴力,无色,稀有,技能,0,随机将你抽牌堆中3张攻击牌加入你的手牌。 消耗 。,随机将你抽牌堆中4张攻击牌加入你的手牌。 消耗 。,true,false,false,false,无色牌.txt
欧米伽,无色,特殊,能力,3,在你的回合结束时，对所有敌人造成50点伤害。,在你的回合结束时，对所有敌人造成60点伤害。,false,false,false,false,无色牌.txt
残虐天性,无色,稀有,能力,0,每当你对一名敌人造成负面状态，使对方受到5点伤害。,每当你对一名敌人造成负面状态，使对方受到7点伤害。,false,false,false,false,无色牌.txt
洞见,无色,特殊,技能,0,保留 。 抽2张牌。 消耗 。,保留 。 抽3张牌。 消耗 。,true,false,false,false,无色牌.txt
深呼吸,无色,罕见,技能,0,将你的弃牌堆洗牌后放入你的抽牌堆。 抽1张牌。,将你的弃牌堆洗牌后放入你的抽牌堆。 抽2张牌。,false,false,false,false,无色牌.txt
深谋远虑,无色,稀有,技能,0,抽2张牌，然后将手牌中的一张牌放到你抽牌堆的顶端。 消耗 。,抽2张牌，然后将手牌中的一张牌放到你抽牌堆的顶端。,true,false,false,false,无色牌.txt
灭除之刃,无色,特殊,攻击,1,造成9点伤害X次。,造成15点伤害X次。,false,false,false,false,无色牌.txt
灵体,无色,特殊,技能,1,获得1层无实体。 消耗 。 虚无 。,获得1层无实体。 消耗 。,true,true,false,false,无色牌.txt
灼伤,无色,特殊,状态,-2,不能被打出 。 在你的回合结束时，你受到2点伤害。,不能被打出 。 在你的回合结束时，你受到4点伤害。,false,false,false,false,无色牌.txt
炸弹,无色,稀有,技能,2,在3回合结束后，对所有敌人造成40点伤害。,在3回合结束后，对所有敌人造成50点伤害。,false,false,false,false,无色牌.txt
疯狂,无色,罕见,技能,1,你手牌中一张随机牌在本场战斗中耗能变为0。 消耗 。,你手牌中一张随机牌在本场战斗中耗能变为0。 消耗 。,true,false,false,false,无色牌.txt
磁力,无色,稀有,能力,2,在每回合开始时，增加一张随机无色牌到你的手牌。,在每回合开始时，增加一张随机无色牌到你的手牌。,false,false,false,false,无色牌.txt
神化,无色,稀有,技能,2,在本场战斗中 升级 你的所有牌。 消耗 。,在本场战斗中 升级 你的所有牌。 消耗 。,true,false,false,false,无色牌.txt
神气制胜,无色,稀有,能力,0,你每在同个回合内打出5张牌，就对所有敌人造成10点伤害。,你每在同个回合内打出5张牌，就对所有敌人造成14点伤害。,false,false,false,false,无色牌.txt
秘密技法,无色,稀有,技能,0,从抽牌堆中选择一张技能牌放入你的手牌。 消耗 。,从抽牌堆中选择一张技能牌放入你的手牌。,true,false,false,false,无色牌.txt
秘密武器,无色,稀有,技能,0,从抽牌堆中选择一张攻击牌放入你的手牌。 消耗 。,从抽牌堆中选择一张攻击牌放入你的手牌。,true,false,false,false,无色牌.txt
绊倒,无色,罕见,技能,0,给予2层 易伤 。,给予所有敌人2层 易伤 。,false,false,false,false,无色牌.txt
结茧,无色,稀有,技能,2,在你的抽牌堆中加入3张随机技能牌。 它们在本场战斗中耗能为0。 消耗 。,在你的抽牌堆中加入5张随机技能牌。 它们在本场战斗中耗能为0。 消耗 。,true,false,false,false,无色牌.txt
羽化,无色,稀有,技能,2,在你的抽牌堆中加入3张随机攻击牌。 它们在本场战斗中耗能为0。 消耗 。,在你的抽牌堆中加入5张随机攻击牌。 它们在本场战斗中耗能为0。 消耗 。,true,false,false,false,无色牌.txt
致盲,无色,罕见,技能,0,给予2层 虚弱 。,给予所有敌人2层 虚弱 。,false,false,false,false,无色牌.txt
花样百出,无色,罕见,技能,0,增加1张随机无色牌到你的手牌。 消耗 。,增加2张随机无色牌到你的手牌。 消耗 。,true,false,false,false,无色牌.txt
虚空,无色,特殊,状态,-2,不能被打出 。 抽到这张牌时失去1点能量。 虚无 。,,false,true,false,false,无色牌.txt
贝塔,无色,特殊,技能,2,将一张 欧米伽 放入你的抽牌堆中。 消耗 。,将一张 欧米伽 放入你的抽牌堆中。 消耗 。,true,false,false,false,无色牌.txt
贪婪之手,无色,稀有,攻击,2,造成20点伤害。 斩杀 时，获得20金币。,造成25点伤害。 斩杀 时，获得25金币。,false,false,false,false,无色牌.txt
转化,无色,稀有,技能,-1,在你的手牌中加入X张随机无色牌。 它们在本回合的耗能变为0。 消耗 。,在你的手牌中放入X张 升级 过的随机无色牌。 它们在本回合的耗能变为0。 消耗 。,true,false,false,false,无色牌.txt
迅捷打击,无色,罕见,攻击,0,造成7点伤害。,造成10点伤害。,false,false,false,false,无色牌.txt
闪亮登场,无色,罕见,攻击,0,固有 。 对所有敌人造成8点伤害。 消耗 。,固有 。 对所有敌人造成12点伤害。 消耗 。,true,false,true,false,无色牌.txt
预谋,无色,罕见,技能,0,将手牌中的一张牌放到抽牌堆的底部。 并且这张牌在被打出之前，耗能变为0。,将手牌中的任意张牌放到抽牌堆的底部。 并且它们被打出之前，耗能变为0。,false,false,false,false,无色牌.txt
黏液,无色,特殊,状态,1,消耗 。,,true,false,false,false,无色牌.txt
黑暗镣铐,无色,罕见,技能,0,让一名敌人在本回合内失去9点 力量 。 消耗 。,让一名敌人在本回合内失去15点 力量 。 消耗 。,true,false,false,false,无色牌.txt
不惧妖邪,紫色,罕见,攻击,1,"造成8点伤害。 如果目标敌人的意图是攻击,则进入 平静 。","造成11点伤害。 如果目标敌人的意图是攻击,则进入 平静 。",false,false,false,false,紫色牌.txt
义愤填膺,紫色,罕见,技能,1,愤怒 ：给予所有敌人3层 易伤 。 否则，进入 愤怒 。,愤怒 ：给予所有敌人5层 易伤 。 否则，进入 愤怒 。,false,false,false,false,紫色牌.txt
五体投地,紫色,普通,技能,0,获得2层 真言 。 获得4点 格挡 。,获得3层 真言 。 获得4点 格挡 。,false,false,false,false,紫色牌.txt
他山之石,紫色,罕见,技能,0,从3张任意颜色的攻击牌中选择1张加入你的手牌。 消耗 。,从3张任意颜色的攻击牌中选择1张加入你的手牌。 这张牌在本回合耗能变为0。 消耗 。,true,false,false,false,紫色牌.txt
以手拒之,紫色,罕见,攻击,1,造成5点伤害。 每当目标敌人受到攻击时，你获得2点 格挡 。,造成7点伤害。 每当目标敌人受到攻击时，你获得3点 格挡 。,false,false,false,false,紫色牌.txt
供奉,紫色,普通,攻击,0,对所有敌人造成5点伤害。,对所有敌人造成8点伤害。,false,false,false,false,紫色牌.txt
停顿,紫色,普通,技能,0,获得3点 格挡 。 愤怒 ：获得9点额外格挡。,获得4点 格挡 。 愤怒 ：获得14点额外格挡。,false,false,false,false,紫色牌.txt
先见之明,紫色,罕见,能力,1,在你的回合开始时， 预见 3。,在你的回合开始时， 预见 4。,false,false,false,false,紫色牌.txt
光辉,紫色,稀有,攻击,1,造成12点伤害。 额外造成本场战斗中获得的 真言 总层数的伤害。,造成16点伤害。 额外造成本场战斗中获得的 真言 总层数的伤害。,false,false,false,false,紫色牌.txt
内心宁静,紫色,罕见,技能,1,平静 ：抽3张牌。 否则，进入 平静 。,平静 ：抽4张牌。 否则，进入 平静 。,false,false,false,false,紫色牌.txt
冥想,紫色,罕见,技能,1,将弃牌堆中的1张牌放入你的手牌，并将其 保留 。 进入 平静 。 结束你的回合。,将弃牌堆中的2张牌放入你的手牌，并将它们 保留 。 进入 平静 。 结束你的回合。,false,false,false,false,紫色牌.txt
勤学精进,紫色,稀有,攻击,2,造成10点伤害。 斩杀 时， 升级 你牌组中的一张随机牌。 消耗 。,造成13点伤害。 斩杀 时， 升级 你牌组中的一张随机牌。 消耗 。,true,false,false,false,紫色牌.txt
化体为空,紫色,普通,技能,1,获得7点 格挡 。 退出当前 姿态 。,获得10点 格挡 。 退出当前 姿态 。,false,false,false,false,紫色牌.txt
化拳为空,紫色,普通,攻击,1,造成9点伤害。 退出当前 姿态 。,造成14点伤害。 退出当前 姿态 。,false,false,false,false,紫色牌.txt
化智为空,紫色,罕见,技能,1,抽2张牌。 退出当前 姿态 。,抽3张牌。 退出当前 姿态 。,false,false,false,false,紫色牌.txt
发泄,紫色,罕见,攻击,1,造成3点伤害3次。 进入 愤怒 。 将这张牌放入你的抽牌堆。,造成3点伤害4次。 进入 愤怒 。 将这张牌放入你的抽牌堆。,false,false,false,false,紫色牌.txt
回环踢,紫色,罕见,攻击,2,造成15点伤害。 抽2张牌。,造成20点伤害。 抽2张牌。,false,false,false,false,紫色牌.txt
圣洁,紫色,罕见,技能,1,获得6点 格挡 。 如果本场战斗中打出的上一张牌是技能牌，抽2张牌。,获得9点 格挡 。 如果本场战斗中打出的上一张牌是技能牌，抽2张牌。,false,false,false,false,紫色牌.txt
坚韧,紫色,罕见,技能,1,保留 。 获得5点 格挡 。 每当这张牌被 保留 时，将其在本场战斗的格挡增加2点。,保留 。 获得7点 格挡 。 每当这张牌被 保留 时，将其在本场战斗的格挡增加3点。,false,false,false,false,紫色牌.txt
天人形态,紫色,稀有,能力,3,虚无 。 在你的回合开始时获得[P]，每回合增加1。,在你的回合开始时获得[P]，每回合增加1。,false,true,false,false,紫色牌.txt
天眼,紫色,普通,技能,1,获得7点 格挡 。 预见 3 。,获得9点 格挡 。 预见 5 。,false,false,false,false,紫色牌.txt
如水,紫色,罕见,能力,1,在你的回合结束时，如果你处于 平静 ，则获得5点 格挡 。,在你的回合结束时，如果你处于 平静 ，则获得7点 格挡 。,false,false,false,false,紫色牌.txt
安宁,紫色,普通,技能,1,保留 。 进入 平静 。 消耗 。,保留 。 进入 平静 。 消耗 。,true,false,false,false,紫色牌.txt
审判,紫色,稀有,技能,1,如果目标敌人的生命值小于等于30点，则将其生命值变为0。,如果目标敌人的生命值小于等于40点，则将其生命值变为0。,false,false,false,false,紫色牌.txt
幸运一击,紫色,普通,攻击,0,预见 1。 获得2点 格挡 。 造成3点伤害。,预见 2。 获得3点 格挡 。 造成4点伤害。,false,false,false,false,紫色牌.txt
当头棒喝,紫色,罕见,攻击,2,造成9点伤害。 获得与所造成的未被格挡的伤害相等的 格挡 。,造成12点伤害。 获得与所造成的未被格挡的伤害相等的 格挡 。,false,false,false,false,紫色牌.txt
心灵堡垒,紫色,罕见,能力,1,每当你转换 姿态 时，获得4点 格挡 。,每当你转换 姿态 时，获得6点 格挡 。,false,false,false,false,紫色牌.txt
怒火中烧,紫色,罕见,技能,1,在你的下一回合开始时，进入 愤怒 并抽2张牌。,在你的下一回合开始时，进入 愤怒 并抽3张牌。,false,false,false,false,紫色牌.txt
战歌,紫色,罕见,能力,1,在每回合开始时，将一张 惩恶 加入你的手牌。,固有 。 在每回合开始时，将一张 惩恶 加入你的手牌。,false,false,true,false,紫色牌.txt
打击（紫）,紫色,初始,攻击,1,造成6点伤害。,造成9点伤害。,false,false,false,false,紫色牌.txt
护身,紫色,普通,技能,2,保留 。 获得12点 格挡 。,保留 。 获得16点 格挡 。,false,false,false,false,紫色牌.txt
招牌技,紫色,罕见,攻击,2,只有当这张牌是你手中唯一的一张攻击牌时才可以被打出。 造成30点伤害。,只有当这张牌是你手中唯一的一张攻击牌时才可以被打出。 造成40点伤害。,false,false,false,false,紫色牌.txt
摆手,紫色,罕见,技能,1,在本回合，你每次获得 格挡 时，给予所有敌人1层 虚弱 。,在本回合，你每次获得 格挡 时，给予所有敌人2层 虚弱 。,false,false,false,false,紫色牌.txt
操控现实,紫色,稀有,能力,1,所有在战斗中临时增加的牌将被 升级 。,所有在战斗中临时增加的牌将被 升级 。,false,false,false,false,紫色牌.txt
收集,紫色,罕见,技能,-1,在你的下X个回合开始时，增加一张 奇迹+ 到你的手牌。 消耗 。,在你的下X+1个回合开始时，增加一张 奇迹+ 到你的手牌。 消耗 。,true,false,false,false,紫色牌.txt
改造现实,紫色,罕见,攻击,1,造成6点伤害。 将一张 惩恶 加入你的手牌。,造成10点伤害。 将一张 惩恶 加入你的手牌。,false,false,false,false,紫色牌.txt
敬拜,紫色,罕见,技能,2,获得5层 真言 。,保留 。 获得5层 真言 。,false,false,false,false,紫色牌.txt
斋戒,紫色,罕见,能力,2,获得3点 力量 。 获得3 敏捷 。 每回合开始时少获得1[P]。,获得4点 力量 。 获得4 敏捷 。 每回合开始时少获得1[P]。,false,false,false,false,紫色牌.txt
斩破命运,紫色,普通,攻击,1,造成7点伤害。 预见 2。 抽1张牌。,造成9点伤害。 预见 3。 抽1张牌。,false,false,false,false,紫色牌.txt
旋身,紫色,罕见,技能,2,获得8点 格挡 。 你打出的下一张攻击牌耗能变为0。,获得11点 格挡 。 你打出的下一张攻击牌耗能变为0。,false,false,false,false,紫色牌.txt
旋转打击,紫色,罕见,攻击,2,保留 。 造成7点伤害。 每当这张牌被 保留 时，将其在本场战斗的伤害增加4点。,保留 。 造成10点伤害。 每当这张牌被 保留 时，将其在本场战斗的伤害增加5点。,false,false,false,false,紫色牌.txt
时之沙,紫色,罕见,攻击,4,保留 。 造成20点伤害。 每当这张牌被 保留 时，将其在本场战斗的耗能减少1。,保留 。 造成26点伤害。 每当这张牌被 保留 时，将其在本场战斗的耗能减少1。,false,false,false,false,紫色牌.txt
暴怒,紫色,初始,攻击,2,造成9点伤害。 进入 愤怒 。,造成9点伤害。 进入 愤怒 。,false,false,false,false,紫色牌.txt
机械降神,紫色,稀有,技能,-2,不能被打出 。 当你抽到这张牌时，在你的手牌中加入2张 奇迹 ，然后 消耗 。,不能被打出 。 当你抽到这张牌时，在你的手牌中加入3张 奇迹 ，然后 消耗 。,true,false,false,false,紫色牌.txt
欺瞒现实,紫色,罕见,技能,1,获得4点 格挡 。 将一张 平安 加入你的手牌。,获得7点 格挡 。 将一张 平安 加入你的手牌。,false,false,false,false,紫色牌.txt
流云飞袖,紫色,普通,攻击,1,保留 。 造成4点伤害两次。,保留 。 造成6点伤害两次。,false,false,false,false,紫色牌.txt
涅槃,紫色,罕见,能力,1,你每次 预见 时，获得3点 格挡 。,你每次 预见 时，获得4点 格挡 。,false,false,false,false,紫色牌.txt
渎神,紫色,稀有,技能,1,进入 神格 。 在下回合死亡。 消耗 。,保留 。 进入 神格 。 在下回合死亡。 消耗 。,true,false,false,false,紫色牌.txt
渐强,紫色,普通,技能,1,保留 。 进入 愤怒 。 消耗 。,保留 。 进入 愤怒 。 消耗 。,true,false,false,false,紫色牌.txt
潦草急就,紫色,稀有,技能,1,抽牌直到将手牌抽满。 消耗 。,抽牌直到将手牌抽满。 消耗 。,true,false,false,false,紫色牌.txt
火焰纹,紫色,罕见,技能,1,你的下一张攻击牌造成5点额外伤害。,你的下一张攻击牌造成8点额外伤害。,false,false,false,false,紫色牌.txt
点穴,紫色,普通,技能,1,给予8层 印记 。 所有拥有 印记 的敌人失去与层数相等的生命。,给予11层 印记 。 所有拥有 印记 的敌人失去与层数相等的生命。,false,false,false,false,紫色牌.txt
猛虎下山,紫色,罕见,能力,1,每当你进入 愤怒 时，抽2张牌。,每当你进入 愤怒 时，抽2张牌。,false,false,false,false,紫色牌.txt
疾风连击,紫色,普通,攻击,0,造成4点伤害。 你每次转换 姿态 时，将这张牌从弃牌堆放回你的手牌。,造成6点伤害。 你每次转换 姿态 时，将这张牌从弃牌堆放回你的手牌。,false,false,false,false,紫色牌.txt
研习,紫色,罕见,能力,2,在你的回合结束时，在你的抽牌堆中加入一张 洞见 。,在你的回合结束时，在你的抽牌堆中加入一张 洞见 。,false,false,false,false,紫色牌.txt
确立基础,紫色,稀有,能力,1,每当有卡牌被 保留 时，将其在本场战斗的耗能减少1。,固有 。 每当有卡牌被 保留 时，将其在本场战斗的耗能减少1。,false,false,true,false,紫色牌.txt
碰撞连击,紫色,普通,攻击,1,当前每有一名敌人，造成7点伤害。,当前每有一名敌人，造成10点伤害。,false,false,false,false,紫色牌.txt
祈祷,紫色,罕见,技能,1,获得3层 真言 。 在你的抽牌堆中加入1张 洞见 。,获得4层 真言 。 在你的抽牌堆中加入1张 洞见 。,false,false,false,false,紫色牌.txt
立地升天,紫色,罕见,攻击,2,造成10点伤害。 在你的抽牌堆中加入1张 以暴易暴 。,造成15点伤害。 在你的抽牌堆中加入1张 以暴易暴 。,false,false,false,false,紫色牌.txt
粉碎关节,紫色,普通,攻击,1,造成8点伤害。 如果本场战斗打出的上一张牌是技能牌，给予1层 易伤 。,造成10点伤害。 如果本场战斗打出的上一张牌是技能牌，给予2层 易伤 。,false,false,false,false,紫色牌.txt
精神护盾,紫色,稀有,技能,2,你每有一张手牌，获得3点 格挡 。,你每有一张手牌，获得4点 格挡 。,false,false,false,false,紫色牌.txt
结末,紫色,罕见,攻击,1,对所有敌人造成12点伤害。 结束你的回合。,对所有敌人造成16点伤害。 结束你的回合。,false,false,false,false,紫色牌.txt
聚能成刃,紫色,稀有,技能,-1,将1张 灭除之刃 放入你的抽牌堆中。 消耗 。,将1张X数值+1的 灭除之刃 放入你的抽牌堆中。 消耗 。,true,false,false,false,紫色牌.txt
腰带抽打,紫色,普通,攻击,1,造成8点伤害。 如果本场战斗中打出的上一张牌是攻击牌，给予1层 虚弱 。,造成10点伤害。 如果本场战斗中打出的上一张牌是攻击牌，给予2层 虚弱 。,false,false,false,false,紫色牌.txt
腾跃,紫色,稀有,技能,3,在本回合结束后，额外获得一回合。 结束你的回合。 消耗 。,在本回合结束后，额外获得一回合。 结束你的回合。 消耗 。,true,false,false,false,紫色牌.txt
虔信,紫色,稀有,能力,1,在你的回合开始时，获得2层 真言 。,在你的回合开始时，获得3层 真言 。,false,false,false,false,紫色牌.txt
警惕,紫色,初始,技能,2,获得8点 格挡 。 进入 平静 。,获得12点 格挡 。 进入 平静 。,false,false,false,false,紫色牌.txt
许愿,紫色,稀有,技能,3,选择：获得6层多层护甲，3点 力量 或25金币。 消耗 。,选择：获得8层多层护甲，4点 力量 或30金币。 消耗 。,true,false,false,false,紫色牌.txt
评估,紫色,普通,技能,1,获得6点 格挡 。 在你的抽牌堆中加入一张 洞见 。,获得10点 格挡 。 在你的抽牌堆中加入一张 洞见 。,false,false,false,false,紫色牌.txt
诸神之黄昏,紫色,稀有,攻击,3,随机对敌人造成5点伤害5次。,随机对敌人造成6点伤害6次。,false,false,false,false,紫色牌.txt
迂回,紫色,罕见,攻击,0,造成4点伤害。 你每次 预见 时，将这张牌从弃牌堆放回你的手牌。,造成6点伤害。 你每次 预见 时，将这张牌从弃牌堆放回你的手牌。,false,false,false,false,紫色牌.txt
追击,紫色,普通,攻击,1,造成7点伤害。 如果本场战斗中打出的上一张牌是攻击牌，获得 。,造成11点伤害。 如果本场战斗中打出的上一张牌是攻击牌，获得 。,false,false,false,false,紫色牌.txt
通晓万物,紫色,稀有,技能,4,选择你抽牌堆中的一张牌。将这张牌打出两次然后将其 消耗 。 消耗 。,选择你抽牌堆中的一张牌。将这张牌打出两次然后将其 消耗 。 消耗 。,true,false,false,false,紫色牌.txt
防御（紫）,紫色,初始,技能,1,获得5点 格挡 。,获得8点 格挡 。,false,false,false,false,紫色牌.txt
阿尔法,紫色,稀有,技能,1,将一张 贝塔 放入你的抽牌堆中。 消耗 。,固有 。 将一张 贝塔 放入你的抽牌堆中。 消耗 。,true,false,true,false,紫色牌.txt
上勾拳,红色,罕见,攻击,2,造成13点伤害。 给予1层 虚弱 。 给予1层 易伤 。,造成13点伤害。 给予2层 虚弱 。 给予2层 易伤 。,false,false,false,false,红色牌.txt
交锋,红色,普通,攻击,0,只有在手牌每一张牌都是攻击牌时才能被打出。 造成14点伤害。,只有在手牌每一张牌都是攻击牌时才能被打出。 造成18点伤害。,false,false,false,false,红色牌.txt
以血还血,红色,罕见,攻击,4,你每在战斗中失去生命一次，这张牌的耗能就减少1[R]。 造成18点伤害。,你每在战斗中失去生命一次，这张牌的耗能就减少1[R]。 造成22点伤害。,false,false,false,false,红色牌.txt
全身撞击,红色,普通,攻击,1,造成你当前 格挡 值的伤害。,造成你当前 格挡 值的伤害。,false,false,false,false,红色牌.txt
剑柄打击,红色,普通,攻击,1,造成9点伤害。 抽1张牌。,造成10点伤害。 抽2张牌。,false,false,false,false,红色牌.txt
势不可当,红色,稀有,能力,2,每当你获得 格挡 时，对随机一名敌人造成5点伤害。,每当你获得 格挡 时，对随机一名敌人造成7点伤害。,false,false,false,false,红色牌.txt
双发,红色,稀有,技能,1,在这个回合，你打出的下一张攻击牌会打出两次。,在这个回合，你打出的下2张攻击牌会打出两次。,false,false,false,false,红色牌.txt
双持,红色,罕见,技能,1,将你手牌中的一张攻击或能力牌复制一张。,将你手牌中的一张攻击或能力牌复制两张。,false,false,false,false,红色牌.txt
双重打击,红色,普通,攻击,1,造成5点伤害两次。,造成7点伤害两次。,false,false,false,false,红色牌.txt
发掘,红色,稀有,技能,1,选择一张已 消耗 的牌，将其放入你的手牌。 消耗 。,选择一张已 消耗 的牌，将其放入你的手牌。 消耗 。,true,false,false,false,红色牌.txt
哨卫,红色,罕见,技能,1,获得5点 格挡 。 如果这张牌被 消耗 ，获得[R][R]。,获得8点 格挡 。 如果这张牌被 消耗 ，获得[R][R][R]。,true,false,false,false,红色牌.txt
地狱之刃,红色,罕见,技能,1,增加一张随机攻击牌到你的手牌。 这张牌在本回合耗能变为0。 消耗 。,增加一张随机攻击牌到你的手牌。 这张牌在本回合耗能变为0。 消耗 。,true,false,false,false,红色牌.txt
坚毅,红色,普通,技能,1,获得7点 格挡 。 消耗 一张随机手牌。,获得9点 格挡 。 消耗 一张手牌。,true,false,false,false,红色牌.txt
壁垒,红色,稀有,能力,3,格挡 不再在你的回合开始时消失。,格挡 不再在你的回合开始时消失。,false,false,false,false,红色牌.txt
头槌,红色,普通,攻击,1,造成9点伤害。 将弃牌堆中的一张牌放到抽牌堆的顶部。,造成12点伤害。 将弃牌堆中的一张牌放到抽牌堆的顶部。,false,false,false,false,红色牌.txt
威吓,红色,罕见,技能,0,给予所有敌人1层 虚弱 。 消耗 。,给予所有敌人2层 虚弱 。 消耗 。,true,false,false,false,红色牌.txt
完美打击,红色,普通,攻击,2,造成6点伤害。 你每有一张名字中有 打击 的牌，伤害+2。,造成6点伤害。 你每有一张名字中有 打击 的牌，伤害+3。,false,false,false,false,红色牌.txt
岿然不动,红色,稀有,技能,2,获得30点 格挡 。 消耗 。,获得40点 格挡 。 消耗 。,true,false,false,false,红色牌.txt
巩固,红色,罕见,技能,2,将你当前的 格挡 翻倍。,将你当前的 格挡 翻倍。,false,false,false,false,红色牌.txt
幽灵铠甲,红色,罕见,技能,1,虚无 。 获得10点 格挡 。,虚无 。 获得13点 格挡 。,false,true,false,false,红色牌.txt
御血术,红色,罕见,攻击,1,失去2点生命。 造成15点伤害。,失去2点生命。 造成20点伤害。,false,false,false,false,红色牌.txt
恶魔之焰,红色,稀有,攻击,2,消耗 所有手牌。 每张被消耗的牌造成7点伤害。 消耗 。,消耗 所有手牌。 每张被消耗的牌造成10点伤害。 消耗 。,true,false,false,false,红色牌.txt
恶魔形态,红色,稀有,能力,3,在每回合开始时获得2点 力量 。,在每回合开始时获得3点 力量 。,false,false,false,false,红色牌.txt
愤怒,红色,普通,攻击,0,造成6点伤害。 在弃牌堆放入一张此牌的复制品。,造成8点伤害。 在弃牌堆放入一张此牌的复制品。,false,false,false,false,红色牌.txt
战吼,红色,普通,技能,0,抽1张牌。 将手牌中的一张牌放到你的抽牌堆顶部。 消耗 。,抽2张牌。 将手牌中的一张牌放到你的抽牌堆顶部。 消耗 。,true,false,false,false,红色牌.txt
战斗专注,红色,罕见,技能,0,抽3张牌。 你在这个回合内不能再抽任何牌。,抽4张牌。 你在这个回合内不能再抽任何牌。,false,false,false,false,红色牌.txt
打击（红）,红色,初始,攻击,1,造成6点伤害。,造成9点伤害。,false,false,false,false,红色牌.txt
撕裂,红色,罕见,能力,1,每当你从一张牌中失去生命时，获得1点 力量 。,每当你从一张牌中失去生命时，获得2点 力量 。,false,false,false,false,红色牌.txt
放血,红色,罕见,技能,0,获得[R][R]。 失去3点生命。,获得[R][R][R]。 失去3点生命。,false,false,false,false,红色牌.txt
断魂斩,红色,罕见,攻击,2,消耗 手牌中所有非攻击牌。 造成16点伤害。,消耗 手牌中所有非攻击牌。 造成22点伤害。,true,false,false,false,红色牌.txt
旋风斩,红色,罕见,攻击,-1,对所有敌人造成5点伤害X次。,对所有敌人造成8点伤害X次。,false,false,false,false,红色牌.txt
无惧疼痛,红色,罕见,能力,1,每当有一张牌被 消耗 ，获得3点 格挡 。,每当有一张牌被 消耗 ，获得4点 格挡 。,true,false,false,false,红色牌.txt
无谋冲锋,红色,罕见,攻击,0,造成7点伤害。 将一张 晕眩 放入你的抽牌堆中。,造成10点伤害。 将一张 晕眩 放入你的抽牌堆中。,false,false,false,false,红色牌.txt
暴走,红色,罕见,攻击,1,造成8点伤害。 这张牌每被打出一次，在本场战斗中其伤害增加5。,造成8点伤害。 这张牌每被打出一次，在本场战斗中其伤害增加8。,false,false,false,false,红色牌.txt
武装,红色,普通,技能,1,获得5点 格挡 。 在本场战斗中 升级 手牌中的一张牌。,获得5点 格挡 。 在本场战斗中 升级 手牌中的所有牌。,false,false,false,false,红色牌.txt
死亡收割,红色,稀有,攻击,2,对所有敌人造成4点伤害。 未被 格挡 的伤害将回复你的生命。 消耗 。,对所有敌人造成5点伤害。 未被 格挡 的伤害将回复你的生命。 消耗 。,true,false,false,false,红色牌.txt
残暴,红色,稀有,能力,0,在你的回合开始时，你失去1点生命，抽1张牌。,固有 。 在你的回合开始时，你失去1点生命，抽1张牌。,false,false,true,false,红色牌.txt
残杀,红色,罕见,攻击,2,虚无 。 造成20点伤害。,虚无 。 造成28点伤害。,false,true,false,false,红色牌.txt
活动肌肉,红色,普通,技能,0,获得2点 力量 。 你的回合结束时，失去2点 力量 。,获得4点 力量 。 你的回合结束时，失去4点 力量 。,false,false,false,false,红色牌.txt
火焰吐息,红色,罕见,能力,1,当你抽到一张 状态牌 或 诅咒 牌时，对所有敌人造成6点伤害。,当你抽到一张 状态牌 或 诅咒 牌时，对所有敌人造成10点伤害。,false,false,false,false,红色牌.txt
火焰屏障,红色,罕见,技能,2,获得12点 格挡 。 你在这个回合每受到一次攻击，都对攻击者造成4点伤害。,获得16点 格挡 。 你在这个回合每受到一次攻击，都对攻击者造成6点伤害。,false,false,false,false,红色牌.txt
灼热攻击,红色,罕见,攻击,2,造成12点伤害。 能被多次 升级 。,造成16点伤害。 能被多次 升级 。,false,false,false,false,红色牌.txt
燃烧,红色,罕见,能力,1,获得2点 力量 。,获得3点 力量 。,false,false,false,false,红色牌.txt
燃烧契约,红色,罕见,技能,1,消耗 1张牌。 抽2张牌。,消耗 1张牌。 抽3张牌。,true,false,false,false,红色牌.txt
燔祭,红色,稀有,攻击,2,对所有敌人造成21点伤害。 将一张 灼伤 放入你的弃牌堆中。,对所有敌人造成28点伤害。 将一张 灼伤 放入你的弃牌堆中。,false,false,false,false,红色牌.txt
狂宴,红色,稀有,攻击,1,造成10点伤害。 若 斩杀 ，则永久获得3点最大生命。 消耗 。,造成12点伤害。 若 斩杀 ，则永久获得4点最大生命。 消耗 。,true,false,false,false,红色牌.txt
狂怒,红色,罕见,技能,0,打出此牌后，你在这个回合内每打出一张攻击牌，获得3 格挡 。,打出此牌后，你在这个回合内每打出一张攻击牌，获得5 格挡 。,false,false,false,false,红色牌.txt
狂暴,红色,稀有,能力,0,获得2层 易伤 。 每回合开始时获得[R]。,获得1层 易伤 。 每回合开始时获得[R]。,false,false,false,false,红色牌.txt
狂野打击,红色,普通,攻击,1,造成12点伤害。 将一张 伤口 放入你的抽牌堆中。,造成17点伤害。 将一张 伤口 放入你的抽牌堆中。,false,false,false,false,红色牌.txt
痛击,红色,初始,攻击,2,造成8点伤害。 给予2层 易伤 。,造成10点伤害。 给予3层 易伤 。,false,false,false,false,红色牌.txt
盛怒,红色,罕见,技能,1,获得[R][R]。 消耗 。,获得[R][R]。 消耗 。,true,false,false,false,红色牌.txt
破灭,红色,普通,技能,1,打出抽牌堆顶部的牌，将其 消耗 。,打出抽牌堆顶部的牌，将其 消耗 。,true,false,false,false,红色牌.txt
硬撑,红色,罕见,技能,1,增加2张 伤口 到你的手牌。 获得15点 格挡 。,增加2张 伤口 到你的手牌。 获得20点 格挡 。,false,false,false,false,红色牌.txt
祭品,红色,稀有,技能,0,失去6点生命。 获得[R][R]。 抽3张牌。 消耗 。,失去6点生命。 获得[R][R]。 抽5张牌。 消耗 。,true,false,false,false,红色牌.txt
突破极限,红色,稀有,技能,1,将你的 力量 翻倍。 消耗 。,将你的 力量 翻倍。,true,false,false,false,红色牌.txt
缴械,红色,罕见,技能,1,使敌人失去2点 力量 。 消耗 。,使敌人失去3点 力量 。 消耗 。,true,false,false,false,红色牌.txt
耸肩无视,红色,普通,技能,1,获得8点 格挡 。 抽1张牌。,获得11点 格挡 。 抽1张牌。,false,false,false,false,红色牌.txt
腐化,红色,稀有,能力,3,所有技能牌耗能变为0。 所有技能牌在被打出时被 消耗 。,所有技能牌耗能变为0。 所有技能牌在被打出时被 消耗 。,true,false,false,false,红色牌.txt
自燃,红色,罕见,能力,1,在你的回合结束时，你失去1点生命，对所有敌人造成5点伤害。,在你的回合结束时，你失去1点生命，对所有敌人造成7点伤害。,false,false,false,false,红色牌.txt
观察弱点,红色,罕见,技能,1,如果一名敌人的意图是攻击，你获得3点 力量 。,如果一名敌人的意图是攻击，你获得4点 力量 。,false,false,false,false,红色牌.txt
进化,红色,罕见,能力,1,每当你抽到一张 状态牌 时，抽1张牌。,每当你抽到一张 状态牌 时，抽2张牌。,false,false,false,false,红色牌.txt
连续拳,红色,罕见,攻击,1,造成2点伤害4次。 消耗 。,造成2点伤害5次。 消耗 。,true,false,false,false,红色牌.txt
重刃,红色,普通,攻击,2,造成14点伤害。 力量 在重刃上发挥3倍效果。,造成14点伤害。 力量 在重刃上发挥5倍效果。,false,false,false,false,红色牌.txt
重振精神,红色,罕见,技能,1,消耗 手牌中所有非攻击牌，每张获得5点 格挡 。,消耗 手牌中所有非攻击牌，每张获得7点 格挡 。,true,false,false,false,红色牌.txt
重锤,红色,稀有,攻击,3,造成32点伤害。,造成42点伤害。,false,false,false,false,红色牌.txt
金刚臂,红色,普通,攻击,2,造成12点伤害。 给予2层 虚弱 。,造成14点伤害。 给予3层 虚弱 。,false,false,false,false,红色牌.txt
金属化,红色,罕见,能力,1,在你的回合结束时，获得3点 格挡 。,在你的回合结束时，获得4点 格挡 。,false,false,false,false,红色牌.txt
铁斩波,红色,普通,攻击,1,获得5点 格挡 。 造成5点伤害。,获得7点 格挡 。 造成7点伤害。,false,false,false,false,红色牌.txt
闪电霹雳,红色,普通,攻击,1,对所有敌人造成4点伤害，给予1层 易伤 。,对所有敌人造成7点伤害，给予1层 易伤 。,false,false,false,false,红色牌.txt
防御（红）,红色,初始,技能,1,获得5点 格挡 。,获得8点 格挡 。,false,false,false,false,红色牌.txt
震荡波,红色,罕见,技能,2,给予所有敌人3层 虚弱 和 易伤 。 消耗 。,给予所有敌人5层 虚弱 和 易伤 。 消耗 。,true,false,false,false,红色牌.txt
顺劈斩,红色,普通,攻击,1,对所有敌人造成8点伤害。,对所有敌人造成11点伤害。,false,false,false,false,红色牌.txt
飞剑回旋镖,红色,普通,攻击,1,随机对敌人造成3点伤害3次。,随机对敌人造成3点伤害4次。,false,false,false,false,红色牌.txt
飞身踢,红色,罕见,攻击,1,造成5点伤害。 如果敌人有 易伤 状态，获得[R]并且抽1张牌。,造成8点伤害。 如果敌人有 易伤 状态 ，获得[R]并且抽1张牌。,false,false,false,false,红色牌.txt
黑暗之拥,红色,罕见,能力,2,每当有一张牌被 消耗 时，抽1张牌。,每当有一张牌被 消耗 时，抽1张牌。,true,false,false,false,红色牌.txt
中和,绿色,初始,攻击,0,造成3点伤害。 给予1层 虚弱 。,造成4点伤害。 给予2层 虚弱 。,false,false,false,false,绿色牌.txt
串刺,绿色,罕见,攻击,-1,造成7点伤害X次。,造成10点伤害X次。,false,false,false,false,绿色牌.txt
乾坤一掷,绿色,稀有,攻击,1,造成14点伤害。 丢弃所有非攻击牌。,造成18点伤害。 丢弃所有非攻击牌。,false,false,false,false,绿色牌.txt
余像,绿色,稀有,能力,1,你每打出一张牌，都获得1点 格挡 。,固有 。 你每打出一张牌，都获得1点 格挡 。,false,false,true,false,绿色牌.txt
偏折,绿色,普通,技能,0,获得4点 格挡 。,获得7点 格挡 。,false,false,false,false,绿色牌.txt
催化剂,绿色,罕见,技能,1,将一名敌人的 中毒 层数翻倍。 消耗 。,将一名敌人的 中毒 层数变为三倍。 消耗 。,true,false,false,false,绿色牌.txt
全力攻击,绿色,罕见,攻击,1,对所有敌人造成10点伤害。 丢弃一张随机手牌。,对所有敌人造成14点伤害。 丢弃一张随机手牌。,false,false,false,false,绿色牌.txt
全神贯注,绿色,罕见,技能,0,丢弃3张牌。 获得[G][G]。,丢弃2张牌。 获得[G][G]。,false,false,false,false,绿色牌.txt
内脏切除,绿色,罕见,攻击,3,你在这个回合内每丢弃一张牌，耗能就减少1[G]。 造成7点伤害三次。,你在这个回合内每丢弃一张牌，耗能就减少1[G]。 造成9点伤害三次。,false,false,false,false,绿色牌.txt
冲刺,绿色,罕见,攻击,2,获得10点 格挡 。 造成 10点伤害。,获得13点 格挡 。 造成13点伤害。,false,false,false,false,绿色牌.txt
凌迟,绿色,稀有,能力,2,你每打出一张牌，就对所有敌人造成1点伤害。,你每打出一张牌，就对所有敌人造成2点伤害。,false,false,false,false,绿色牌.txt
刀刃之舞,绿色,普通,技能,1,增加3张 小刀 到你的手牌。,增加4张 小刀 到你的手牌。,false,false,false,false,绿色牌.txt
切割,绿色,普通,攻击,0,造成6点伤害。,造成9点伤害。,false,false,false,false,绿色牌.txt
勒脖,绿色,罕见,攻击,2,造成12点伤害。 你在这个回合内每打出一张牌，该名敌人都会失去3点生命。,造成12点伤害。 你在这个回合内每打出一张牌，该名敌人都会失去5点生命。,false,false,false,false,绿色牌.txt
匕首雨,绿色,普通,攻击,1,对所有敌人造成4点伤害两次。,对所有敌人造成6点伤害两次。,false,false,false,false,绿色牌.txt
千穿百刺,绿色,罕见,攻击,2,造成3点伤害5次。,造成4点伤害5次。,false,false,false,false,绿色牌.txt
华丽收场,绿色,稀有,攻击,0,只有当抽牌堆中没有牌时才能打出。 对所有敌人造成50点伤害。,只有当抽牌堆中没有牌时才能打出。 对所有敌人造成60点伤害。,false,false,false,false,绿色牌.txt
双重存在,绿色,稀有,技能,-1,下一回合，抽X张牌，获得X[G]。 消耗 。,下一回合，抽X+1张牌，获得X+1 [G] 。 消耗 。,true,false,false,false,绿色牌.txt
后空翻,绿色,普通,技能,1,获得5点 格挡 。 抽2张牌。,获得8点 格挡 。 抽2张牌。,false,false,false,false,绿色牌.txt
声东击西,绿色,罕见,技能,1,增加一张随机技能牌到你的手牌。 这张牌在本回合耗能变为0。 消耗 。,增加一张随机技能牌到你的手牌。 这张牌在本回合耗能变为0。 消耗 。,true,false,false,false,绿色牌.txt
夜魇,绿色,稀有,技能,3,选择一张牌， 在下一回合，将 3 份这张牌的复制品放入你的手牌中。 消耗 。,选择一张牌， 在下一回合，将 3 份这张牌的复制品放入你的手牌中。 消耗 。,true,false,false,false,绿色牌.txt
子弹时间,绿色,稀有,技能,3,你在本回合内不能再抽牌。 你手牌中的所有牌在本回合的耗能变为0点。,你在本回合内不能再抽牌。 你手牌中的所有牌在本回合的耗能变为0点。,false,false,false,false,绿色牌.txt
尖啸,绿色,普通,技能,1,所有敌人失去6力量1回合。 消耗 。,所有敌人失去8力量1回合。 消耗 。,true,false,false,false,绿色牌.txt
尸爆术,绿色,稀有,技能,2,给予6层 中毒 。 当这名敌人死亡时，对所有敌人造成等于其最大生命值的伤害。,给予9层 中毒 。 当这名敌人死亡时，对所有敌人造成等于其最大生命值的伤害。,false,false,false,false,绿色牌.txt
带毒刺击,绿色,普通,攻击,1,造成6点伤害。 给予3层 中毒 。,造成8点伤害。 给予4层 中毒 。,false,false,false,false,绿色牌.txt
幻影杀手,绿色,稀有,技能,1,在你的下个回合，你所有的攻击伤害翻倍。,在你的下个回合，你所有的攻击伤害翻倍。,false,false,false,false,绿色牌.txt
幽魂形态,绿色,稀有,能力,3,获得2层 无实体 。 在每回合结束时失去1点 敏捷 。,获得3层 无实体 。 在每回合结束时失去1点 敏捷 。,false,false,false,false,绿色牌.txt
弹跳药瓶,绿色,罕见,技能,2,随机给予敌人3层 中毒 3次。,随机给予敌人3层 中毒 4次。,false,false,false,false,绿色牌.txt
必备工具,绿色,稀有,能力,1,在你的回合开始时，抽1张牌，丢弃1张牌。,在你的回合开始时，抽1张牌，丢弃1张牌。,false,false,false,false,绿色牌.txt
快斩,绿色,普通,攻击,1,造成8点伤害。 抽1张牌。,造成12点伤害。 抽1张牌。,false,false,false,false,绿色牌.txt
恐怖,绿色,罕见,技能,1,给予99层 易伤 。 消耗 。,给予99层 易伤 。 消耗 。,true,false,false,false,绿色牌.txt
战术大师,绿色,罕见,技能,0,不能被打出 。 如果这张牌从你的手牌中被丢弃，获得[G]。,不能被打出 。 如果这张牌从你的手牌中被丢弃，获得[G][G]。,false,false,false,false,绿色牌.txt
打击（绿）,绿色,初始,攻击,1,造成6点伤害。,造成9点伤害。,false,false,false,false,绿色牌.txt
扫腿,绿色,罕见,技能,2,给予2层虚弱。 获得11点 格挡 。,给予3层虚弱。 获得14点 格挡 。,false,false,false,false,绿色牌.txt
投掷匕首,绿色,普通,攻击,1,造成9点伤害。 抽一张牌。 丢弃一张牌。,造成12点伤害。 抽一张牌。 丢弃一张牌。,false,false,false,false,绿色牌.txt
抢占先机,绿色,普通,技能,1,下一回合 获得[G][G]。,下一回合 获得[G][G][G]。,false,false,false,false,绿色牌.txt
斗篷与匕首,绿色,普通,技能,1,获得6点 格挡 。 增加1张 小刀 到你的手牌。,获得6点 格挡 。 增加2张 小刀 到你的手牌。,false,false,false,false,绿色牌.txt
无尽苦痛,绿色,罕见,攻击,0,造成4点伤害。 每当你抽到这张牌，都增加一张其复制品到你的手牌。 消耗 。,造成6点伤害。 每当你抽到这张牌，都增加一张其复制品到你的手牌。 消耗 。,true,false,false,false,绿色牌.txt
无限刀刃,绿色,罕见,能力,1,在你的回合开始时，增加一张 小刀 到你的手牌。,固有 。 在你的回合开始时，增加一张 小刀 到你的手牌。,false,false,true,false,绿色牌.txt
早有准备,绿色,普通,技能,0,抽1张牌。 丢弃1张牌。,抽2张牌。 丢弃2张牌。,false,false,false,false,绿色牌.txt
本能反应,绿色,罕见,技能,0,不能被打出 。 如果这张牌从你的手牌中被丢弃，抽2张牌。,不能被打出 。 如果这张牌从你的手牌中被丢弃，抽3张牌。,false,false,false,false,绿色牌.txt
杂技,绿色,普通,技能,1,抽3张牌。 丢弃1张牌。,抽4张牌。 丢弃1张牌。,false,false,false,false,绿色牌.txt
死吧死吧死吧,绿色,稀有,攻击,1,对所有敌人造成13点伤害。 消耗 。,对所有敌人造成17点伤害。 消耗 。,true,false,false,false,绿色牌.txt
残影,绿色,罕见,技能,1,获得5点 格挡 。 你的下一回合开始时 格挡 不会消失。,获得8点 格挡 。 你的下一回合开始时 格挡 不会消失。,false,false,false,false,绿色牌.txt
毒雾,绿色,罕见,能力,1,在你的回合开始时，给予所有敌人2层 中毒 。,在你的回合开始时，给予所有敌人3层 中毒 。,false,false,false,false,绿色牌.txt
涂毒,绿色,稀有,能力,2,每有一次攻击造成未被格挡的伤害，就给予1层 中毒 。,每有一次攻击造成未被格挡的伤害，就给予1层 中毒 。,false,false,false,false,绿色牌.txt
灵动步法,绿色,罕见,能力,1,获得2点 敏捷 。,获得3点 敏捷 。,false,false,false,false,绿色牌.txt
灾祸,绿色,普通,攻击,1,造成7点伤害。 如果敌人有 中毒 状态 ，则再次造成7点伤害。,造成10点伤害。 如果敌人有 中毒 状态 ，则再次造成10点伤害。,false,false,false,false,绿色牌.txt
炼制药水,绿色,稀有,技能,1,获得一瓶随机药水。 消耗 。,获得一瓶随机药水。 消耗 。,true,false,false,false,绿色牌.txt
爆发,绿色,稀有,技能,1,在这个回合，你打出的下一张技能牌会打出两次。,在这个回合，你打出的下2张技能牌会打出两次。,false,false,false,false,绿色牌.txt
独门技术,绿色,罕见,技能,1,抽牌直到你的手牌有6张牌。,抽牌直到你的手牌有7张牌。,false,false,false,false,绿色牌.txt
猎杀者,绿色,罕见,攻击,2,造成15点伤害。 在下一回合多抽2张牌。,造成20点伤害。 在下一回合多抽2张牌。,false,false,false,false,绿色牌.txt
玻璃刀刃,绿色,稀有,攻击,1,造成8点伤害两次。 这张牌每被打出一次，在本场战斗中其基础伤害减少2。,造成12点伤害两次。 这张牌每被打出一次，在本场战斗中其基础伤害减少2。,false,false,false,false,绿色牌.txt
生存者,绿色,初始,技能,1,获得8点 格挡 。 丢弃一张牌。,获得11点 格挡 。 丢弃一张牌。,false,false,false,false,绿色牌.txt
突然一拳,绿色,普通,攻击,1,造成7点伤害。 给予1层 虚弱 。,造成9点伤害。 给予2层 虚弱 。,false,false,false,false,绿色牌.txt
精准,绿色,罕见,能力,1,小刀 造成的伤害增加4。,小刀 造成的伤害增加6。,false,false,false,false,绿色牌.txt
精巧刺击,绿色,罕见,攻击,0,造成12点伤害。 你每次受到伤害，这张牌的耗能增加1。,造成16点伤害。 你每次受到伤害，这张牌的耗能增加1。,false,false,false,false,绿色牌.txt
终结技,绿色,罕见,攻击,1,你在这个回合内每打出过一张攻击牌，就造成一次6点伤害。,你在这个回合内每打出过一张攻击牌，就造成一次8点伤害。,false,false,false,false,绿色牌.txt
肾上腺素,绿色,稀有,技能,0,获得[G]。 抽2张牌。 消耗 。,获得[G][G]。 抽2张牌。 消耗 。,true,false,false,false,绿色牌.txt
背刺,绿色,罕见,攻击,0,造成11点伤害。 固有 。 消耗 。,造成15点伤害。 固有 。 消耗 。,true,false,true,false,绿色牌.txt
致命毒药,绿色,普通,技能,1,给予5层 中毒 。,给予7层 中毒 。,false,false,false,false,绿色牌.txt
致残毒云,绿色,罕见,技能,2,给予所有敌人4层 中毒 和2层 虚弱 。 消耗 。,给予所有敌人7层 中毒 和2层 虚弱 。 消耗 。,true,false,false,false,绿色牌.txt
萎靡,绿色,稀有,技能,-1,敌人失去X点 力量 ，给予X层 虚弱 。 消耗 。,敌人失去X+1点 力量 ，给予X+1层 虚弱 。 消耗 。,true,false,false,false,绿色牌.txt
计划妥当,绿色,罕见,能力,1,在你的回合结束时， 保留 最多1张牌。,在你的回合结束时， 保留 最多2张牌。,false,false,false,false,绿色牌.txt
计算下注,绿色,罕见,技能,0,丢弃所有手牌。 然后抽相同数量张牌。 消耗 。,丢弃所有手牌。 然后抽相同数量张牌。,true,false,false,false,绿色牌.txt
足跟勾,绿色,罕见,攻击,1,造成5点伤害。 如果敌人有 虚弱 状态，获得[G]并且抽1张牌。,造成8点伤害。 如果敌人有 虚弱 状态，获得[G]并且抽1张牌。,false,false,false,false,绿色牌.txt
逃脱计划,绿色,罕见,技能,0,抽1张牌。 如果抽到的是技能牌，获得3点 格挡 。,抽1张牌。 如果抽到的是技能牌，获得5点 格挡 。,false,false,false,false,绿色牌.txt
部署,绿色,罕见,技能,1,将手牌中的一张牌放到抽牌堆的顶部。 并且在其被打出之前，其耗能变为0。,将手牌中的一张牌放到抽牌堆的顶部。 并且在其被打出之前，其耗能变为0。,false,false,false,false,绿色牌.txt
钢铁风暴,绿色,稀有,技能,1,丢弃所有手牌。 每丢弃一张牌，在你的手牌中增加一张 小刀 。,丢弃所有手牌。 每丢弃一张牌，在你的手牌中增加一张 小刀+ 。,false,false,false,false,绿色牌.txt
铁蒺藜,绿色,罕见,能力,1,每当你被攻击时，对攻击者造成3点伤害。,每当你被攻击时，对攻击者造成5点伤害。,false,false,false,false,绿色牌.txt
闪躲翻滚,绿色,普通,技能,1,获得4点 格挡 。 在下一回合获得4点 格挡 。,获得6点 格挡 。 在下一回合获得6点 格挡 。,false,false,false,false,绿色牌.txt
防御（绿）,绿色,初始,技能,1,获得5点 格挡 。,获得8点 格挡 。,false,false,false,false,绿色牌.txt
隐秘打击,绿色,普通,攻击,2,造成12点伤害。 如果你在这回合丢弃过牌，获得[G][G]。,造成16点伤害。 如果你在这回合丢弃过牌，获得[G][G]。,false,false,false,false,绿色牌.txt
飞膝,绿色,普通,攻击,1,造成8点伤害。 在下一回合获得[G]。,造成11点伤害。 在下一回合获得[G]。,false,false,false,false,绿色牌.txt
飞镖,绿色,罕见,攻击,1,手牌中每有一张技能牌，造成4点伤害。,手牌中每有一张技能牌，造成6点伤害。,false,false,false,false,绿色牌.txt
万物一心,蓝色,稀有,攻击,2,造成10点伤害。 将弃牌堆中所有0耗能的牌放入你的手牌。,造成14点伤害。 将弃牌堆中所有0耗能的牌放入你的手牌。,false,false,false,false,蓝色牌.txt
你好，世界,蓝色,罕见,能力,1,在你的回合开始时，增加一张随机普通牌到你的手牌。,固有 。 在你的回合开始时，增加一张随机普通牌到你的手牌。,false,false,true,false,蓝色牌.txt
偏差认知,蓝色,稀有,能力,1,获得4点 集中 。 在每回合开始时，失去1点 集中 。,获得5点 集中 。 在每回合开始时，失去1点 集中 。,false,false,false,false,蓝色牌.txt
充电,蓝色,普通,技能,1,获得7点 格挡 。 在下一回合获得[B]。,获得10点 格挡 。 在下一回合获得[B]。,false,false,false,false,蓝色牌.txt
光束射线,蓝色,普通,攻击,0,造成3点伤害。 给予1层 易伤 。,造成4点伤害。 给予2层 易伤 。,false,false,false,false,蓝色牌.txt
全息影像,蓝色,普通,技能,1,获得3点 格挡 。 将弃牌堆中的一张牌放入你的手牌。 消耗 。,获得5点 格挡 。 将弃牌堆中的一张牌放入你的手牌。,true,false,false,false,蓝色牌.txt
内核加速,蓝色,普通,技能,0,获得[B][B]。 将一张 虚空 放入你的弃牌堆中。,获得[B][B][B]。 将一张 虚空 放入你的弃牌堆中。,false,false,false,false,蓝色牌.txt
冰寒,蓝色,罕见,技能,0,当前每有一名敌人，生成1个 冰霜 充能球。 消耗 。,固有 。 当前每有一名敌人，生成1个 冰霜 充能球。 消耗 。,true,false,true,false,蓝色牌.txt
冰川,蓝色,罕见,技能,2,获得7点 格挡 。 生成 2个 冰霜 充能球。,获得10点 格挡 。 生成 2个 冰霜 充能球。,false,false,false,false,蓝色牌.txt
冷静头脑,蓝色,普通,技能,1,生成 1个 冰霜 充能球。 抽1张牌。,生成 1个 冰霜 充能球。 抽2张牌。,false,false,false,false,蓝色牌.txt
分离,蓝色,罕见,攻击,3,造成24点伤害。 如果这张牌杀死了敌人，则获得[B][B][B]。,造成32点伤害。 如果这张牌杀死了敌人，则获得[B][B][B] 。,false,false,false,false,蓝色牌.txt
创造性AI,蓝色,稀有,能力,3,在每回合开始时，增加一张随机能力牌到你的手牌。,在每回合开始时，增加一张随机能力牌到你的手牌。,false,false,false,false,蓝色牌.txt
刮削,蓝色,罕见,攻击,1,造成7点伤害。 抽4张牌。 丢弃抽到的牌中耗能不为0的牌。,造成10点伤害。 抽5张牌。 丢弃抽到的牌中耗能不为0的牌。,false,false,false,false,蓝色牌.txt
力场,蓝色,罕见,技能,4,你在本场战斗中每打出一张能力牌，耗能就减少1[B]。 获得12点 格挡 。,你在本场战斗中每打出一张能力牌，耗能就减少1[B]。 获得16点 格挡 。,false,false,false,false,蓝色牌.txt
双倍能量,蓝色,罕见,技能,1,将你的能量翻倍。 消耗 。,将你的能量翻倍。 消耗 。,true,false,false,false,蓝色牌.txt
双重释放,蓝色,初始,技能,1,激发 你最右侧的充能球2次。,激发 你最右侧的充能球2次。,false,false,false,false,蓝色牌.txt
启动流程,蓝色,罕见,技能,0,获得10点 格挡 。 固有 。 消耗 。,获得13点 格挡 。 固有 。 消耗 。,true,false,true,false,蓝色牌.txt
回响形态,蓝色,稀有,能力,3,你每回合打出的第一张牌会打出两次。 虚无 。,你每回合打出的第一张牌会打出两次。,false,true,false,false,蓝色牌.txt
回收,蓝色,罕见,技能,1,消耗 一张牌。 获得与其耗能相等的[B]。,消耗 一张牌。 获得与其耗能相等的[B]。,true,false,false,false,蓝色牌.txt
均衡,蓝色,罕见,技能,2,获得13点 格挡 。 在本回合 保留 你的手牌。,获得16点 格挡 。 在本回合 保留 你的手牌。,false,false,false,false,蓝色牌.txt
堆栈,蓝色,普通,技能,1,获得与你当前弃牌堆中牌数相等的 格挡 值。,获得你当前弃牌堆中牌数+3的 格挡 值。,false,false,false,false,蓝色牌.txt
增幅,蓝色,稀有,技能,1,在这个回合，你的下一张能力牌会打出两次。,在这个回合，你的下2张能力牌会打出两次。,false,false,false,false,蓝色牌.txt
多重释放,蓝色,稀有,技能,-1,激发 你最右侧的充能球X次。,激发 你最右侧的充能球X+1次。,false,false,false,false,蓝色牌.txt
寒流,蓝色,普通,攻击,1,造成6点伤害。 生成 1个 冰霜 充能球。,造成9点伤害。 生成 1个 冰霜 充能球。,false,false,false,false,蓝色牌.txt
弹回,蓝色,普通,攻击,1,造成9点伤害。 你在这个回合打出的下一张牌将会被放置到抽牌堆的顶部。（只限会移入弃牌堆的牌）,造成12点伤害。 你在这个回合打出的下一张牌将会被放置到抽牌堆的顶部。（只限会移入弃牌堆的牌）,false,false,false,false,蓝色牌.txt
弹幕齐射,蓝色,普通,攻击,1,你每拥有一个充能球，造成4点伤害。,你每拥有一个充能球，造成6点伤害。,false,false,false,false,蓝色牌.txt
彩虹,蓝色,稀有,技能,2,生成 闪电 、 冰霜 、 黑暗 充能球各一个。 消耗 。,生成 闪电 、 冰霜 、 黑暗 充能球各一个。,true,false,false,false,蓝色牌.txt
循环,蓝色,罕见,能力,1,在你的回合开始时，使用你最右侧的1个充能球的被动能力。,在你的回合开始时，使用你最右侧的1个充能球的被动能力 2 次。,false,false,false,false,蓝色牌.txt
快速检索,蓝色,罕见,技能,1,抽3张牌。,抽4张牌。,false,false,false,false,蓝色牌.txt
愁云惨淡,蓝色,罕见,攻击,2,对所有敌人造成10点伤害。 生成 1个 黑暗 充能球。,对所有敌人造成14点伤害。 生成 1个 黑暗 充能球。,false,false,false,false,蓝色牌.txt
打击（蓝）,蓝色,初始,攻击,1,造成6点伤害。,造成9点伤害。,false,false,false,false,蓝色牌.txt
扩容,蓝色,罕见,能力,1,获得2个充能球栏位。,获得3个充能球栏位。,false,false,false,false,蓝色牌.txt
扫荡射线,蓝色,普通,攻击,1,对所有敌人造成6点伤害。 抽1张牌。,对所有敌人造成9点伤害。 抽1张牌。,false,false,false,false,蓝色牌.txt
搜寻,蓝色,稀有,技能,0,从抽牌堆中选择1张牌放入你的手牌。 消耗 。,从抽牌堆中选择2张牌放入你的手牌。 消耗 。,true,false,false,false,蓝色牌.txt
散热片,蓝色,罕见,能力,1,你每打出一张能力牌，抽1张牌。,你每打出一张能力牌，抽2张牌。,false,false,false,false,蓝色牌.txt
暴雪,蓝色,罕见,攻击,1,对所有敌人造成你在本场战斗中 生成 过的 冰霜 充能球总数2倍的伤害。,对所有敌人造成你在本场战斗中 生成 过的 冰霜 充能球总数3倍的伤害。,false,false,false,false,蓝色牌.txt
暴风雨,蓝色,罕见,技能,-1,生成 X个 闪电 充能球。 消耗 。,生成 X+1个 闪电 充能球。 消耗 。,true,false,false,false,蓝色牌.txt
机器学习,蓝色,稀有,能力,1,在每回合开始时额外抽1张牌。,固有 。 在每回合开始时额外抽1张牌。,false,false,true,false,蓝色牌.txt
核心电涌,蓝色,稀有,攻击,1,造成11点伤害。 获得1层 人工制品 。 消耗 。,造成15点伤害。 获得1层 人工制品 。 消耗 。,true,false,false,false,蓝色牌.txt
汇集,蓝色,罕见,技能,1,你的抽牌堆中每有4张牌，获得一点[B]。,你的抽牌堆中每有3张牌，获得一点[B]。,false,false,false,false,蓝色牌.txt
混沌,蓝色,罕见,技能,1,生成 1个随机充能球。,生成 2个随机充能球。,false,false,false,false,蓝色牌.txt
漆黑,蓝色,罕见,技能,1,生成 1个 黑暗 充能球。,生成 1个 黑暗 充能球。 使用所有 黑暗 充能球的被动能力。,false,false,false,false,蓝色牌.txt
熔化,蓝色,罕见,攻击,1,去除一名敌人的所有 格挡 值。 造成10点伤害。,去除一名敌人的所有 格挡 值。 造成14点伤害。,false,false,false,false,蓝色牌.txt
爪击,蓝色,普通,攻击,0,造成3点伤害。 在本场战斗中所有爪击牌的伤害增加2。,造成5点伤害。 在本场战斗中所有爪击牌的伤害增加2。,false,false,false,false,蓝色牌.txt
狂乱撕扯,蓝色,罕见,攻击,1,随机对敌人造成7点伤害2次。,随机对敌人造成9点伤害2次。,false,false,false,false,蓝色牌.txt
球状闪电,蓝色,普通,攻击,1,造成7点伤害。 生成 1个 闪电 充能球。,造成10点伤害。 生成 1个 闪电 充能球。,false,false,false,false,蓝色牌.txt
电击,蓝色,初始,技能,1,生成 1个 闪电 充能球。,生成 1个 闪电 充能球。,false,false,false,false,蓝色牌.txt
电动力学,蓝色,稀有,能力,2,闪电 充能球现在会击中所有敌人。 生成 2个 闪电 充能球。,闪电 充能球现在会击中所有敌人。 生成 3个 闪电 充能球。,false,false,false,false,蓝色牌.txt
白噪声,蓝色,罕见,技能,1,增加一张随机能力牌到你的手牌。 这张牌在本回合耗能变为0。 消耗 。,增加一张随机能力牌到你的手牌。 这张牌在本回合耗能变为0。 消耗 。,true,false,false,false,蓝色牌.txt
眼部攻击,蓝色,普通,攻击,0,造成3点伤害。 如果目标敌人的意图是攻击，则给予其1层 虚弱 。,造成4点伤害。 如果目标敌人的意图是攻击，则给予其2层 虚弱 。,false,false,false,false,蓝色牌.txt
瞄准靶心,蓝色,罕见,攻击,1,造成8点伤害。 给予敌人2回合 跟踪锁定 效果。,造成11点伤害。 给予敌人3回合 跟踪锁定 效果。,false,false,false,false,蓝色牌.txt
硬化机体,蓝色,罕见,技能,-1,获得7点 格挡 X次。,获得9点 格挡 X次。,false,false,false,false,蓝色牌.txt
碎片整理,蓝色,罕见,能力,1,获得1点 集中 。,获得2点 集中 。,false,false,false,false,蓝色牌.txt
精简改良,蓝色,普通,攻击,2,造成15点伤害。 这张牌每被打出一次，它在本场战斗中的耗能减少1。,造成20点伤害。 这张牌每被打出一次，它在本场战斗中的耗能减少1。,false,false,false,false,蓝色牌.txt
缓冲,蓝色,稀有,能力,2,阻止下一次你受到的生命值损伤。,阻止下2次你受到的生命值损伤。,false,false,false,false,蓝色牌.txt
编译冲击,蓝色,普通,攻击,1,造成7点伤害。 你每有一种不同的充能球，抽1张牌。,造成10点伤害。 你每有一种不同的充能球，抽1张牌。,false,false,false,false,蓝色牌.txt
耗尽,蓝色,罕见,技能,2,获得2点 集中 。 失去1个充能球栏位。,获得3点 集中 。 失去1个充能球栏位。,false,false,false,false,蓝色牌.txt
聚变,蓝色,罕见,技能,2,生成 1个 等离子 充能球。,生成 1个 等离子 充能球。,false,false,false,false,蓝色牌.txt
自动护盾,蓝色,罕见,技能,1,如果你没有格挡，获得 11 点 格挡 。,如果你没有格挡，获得15点 格挡 。,false,false,false,false,蓝色牌.txt
自我修复,蓝色,罕见,能力,1,在战斗结束时，回复 7 点生命。,在战斗结束时，回复 10 点生命。,false,false,false,false,蓝色牌.txt
蒸汽护壁,蓝色,普通,技能,0,获得6点 格挡 。 这张牌每被打出一次，它在本场战斗中的基础格挡下降1。,获得8点 格挡 。 这张牌每被打出一次，它在本场战斗中的基础格挡下降1。,false,false,false,false,蓝色牌.txt
裂变,蓝色,稀有,技能,0,移除所有充能球，每移除一个充能球获得[B]并抽1张牌。 消耗 。,激发 所有充能球，每激发一个充能球获得[B]并抽1张牌。 消耗 。,true,false,false,false,蓝色牌.txt
超能光束,蓝色,稀有,攻击,2,对所有敌人造成26点伤害。 失去3点 集中 。,对所有敌人造成34点伤害。 失去3点 集中 。,false,false,false,false,蓝色牌.txt
超越光速,蓝色,罕见,攻击,0,造成5点伤害。 如果你在这回合打出的牌数少于3张，抽一张牌。,造成6点伤害。 如果你在这回合打出的牌数少于4张，抽一张牌。,false,false,false,false,蓝色牌.txt
超频,蓝色,罕见,技能,0,抽2张牌。 将一张 灼伤 放入你的弃牌堆中。,抽3张牌。 将一张 灼伤 放入你的弃牌堆中。,false,false,false,false,蓝色牌.txt
递归,蓝色,普通,技能,1,激发 你最右侧的充能球。 然后 生成 一个刚才被 激发 的充能球。,激发 你最右侧的充能球。 然后 生成 一个刚才被 激发 的充能球。,false,false,false,false,蓝色牌.txt
遗传算法,蓝色,罕见,技能,1,获得1点 格挡 。 每打出一次，这张牌在本局游戏中的格挡值永久性增加2。 消耗 。,获得1点 格挡 。 每打出一次，这张牌在本局游戏中的格挡值永久性增加3。 消耗 。,true,false,false,false,蓝色牌.txt
重启,蓝色,稀有,技能,0,将你所有未消耗的牌重新洗牌放入抽牌堆。 抽4张牌。 消耗 。,将你所有未消耗的牌重新洗牌放入抽牌堆。 抽6张牌。 消耗 。,true,false,false,false,蓝色牌.txt
重编程,蓝色,罕见,技能,1,失去1点 集中 。 获得1点 力量 。 获得1点 敏捷 。,失去2点 集中 。 获得2点 力量 。 获得2点 敏捷 。,false,false,false,false,蓝色牌.txt
防御（蓝）,蓝色,初始,技能,1,获得5点 格挡 。,获得8点 格挡 。,false,false,false,false,蓝色牌.txt
陨石打击,蓝色,稀有,攻击,5,造成24点伤害。 生成 3个 等离子 充能球。,造成30点伤害。 生成 3个 等离子 充能球。,false,false,false,false,蓝色牌.txt
雷暴,蓝色,罕见,能力,1,你每打出一张能力牌， 生成 1个 闪电 充能球。,固有 。 你每打出一张能力牌， 生成 1个 闪电 充能球。,false,false,true,false,蓝色牌.txt
雷霆打击,蓝色,稀有,攻击,3,你在本场战斗中每 生成 过一个 闪电 充能球，随机造成一次7点伤害。,你在本场战斗中每 生成 过一个 闪电 充能球，随机造成一次9点伤害。,false,false,false,false,蓝色牌.txt
静电释放,蓝色,罕见,能力,1,每当你受到攻击伤害时， 生成 1个 闪电 充能球。,每当你受到攻击伤害时， 生成 2个 闪电 充能球。,false,false,false,false,蓝色牌.txt
飞跃,蓝色,普通,技能,1,获得9点 格挡 。,获得12点 格挡 。,false,false,false,false,蓝色牌.txt
傲慢,诅咒,特殊,诅咒,1,固有 。 消耗 。 你的回合结束时，在抽牌堆顶部加入一张这张牌的复制品。,,true,false,true,false,诅咒牌.txt
凡庸,诅咒,诅咒,诅咒,-2,不能被打出 。 在手牌中时，你在此回合无法打出3张以上牌。,,false,false,false,false,诅咒牌.txt
受伤,诅咒,诅咒,诅咒,-2,不能被打出 。,,false,false,false,false,诅咒牌.txt
寄生,诅咒,诅咒,诅咒,-2,不能被打出 。 如果这张牌在你的牌组中被转化或移除，你失去3点最大生命。,,false,false,false,false,诅咒牌.txt
悔恨,诅咒,诅咒,诅咒,-2,不能被打出 。 在你的回合结束时，每有一张手牌就失去1点生命。,,false,false,false,false,诅咒牌.txt
死灵诅咒,诅咒,特殊,诅咒,-2,不能被打出 。 这个 诅咒 无法逃脱。,,false,false,false,false,诅咒牌.txt
疑虑,诅咒,诅咒,诅咒,-2,不能被打出 。 在你的回合结束时，获得1层 虚弱 。,,false,false,false,false,诅咒牌.txt
疼痛,诅咒,诅咒,诅咒,-2,不能被打出 。 当在手牌中时，每打出一张其他牌，失去1生命。,,false,false,false,false,诅咒牌.txt
笨拙,诅咒,诅咒,诅咒,-2,不能被打出 。 虚无 。,,false,true,false,false,诅咒牌.txt
羞耻,诅咒,诅咒,诅咒,-2,不能被打出 。 在你的回合结束时，获得1层 脆弱 。,,false,false,false,false,诅咒牌.txt
腐朽,诅咒,诅咒,诅咒,-2,不能被打出 。 在你的回合结束时，受到2点伤害。,,false,false,false,false,诅咒牌.txt
苦恼,诅咒,诅咒,诅咒,-2,不能被打出 。 固有 。,,false,false,true,false,诅咒牌.txt
进阶之灾,诅咒,特殊,诅咒,-2,不能被打出 。 虚无 。 不能从牌组中移除。,,false,true,false,false,诅咒牌.txt
铃铛的诅咒,诅咒,特殊,诅咒,-2,不能被打出 。 无法从牌组中移除。,,false,false,false,false,诅咒牌.txt
