card_name,hero_or_color,card_type,cost,rarity,effect_text,upgrade_text,image_url,upgrade_image_url,source_url,extraction_note
神化,事件（无色卡）,技能,2（升级后为1）,先古之民,升级你的全部卡牌（包括手牌、抽牌堆、弃牌堆、消耗牌堆中的所有卡牌）,固有。升级你的全部卡牌。消耗。,https://img1.ali213.net/glpic/2026/03/09/20260309113713821.png,https://img1.ali213.net/glpic/2026/03/09/20260309113714102.png,https://gl.ali213.net/html/2026-3/1751841.html,额外属性: 消耗（使用后从本场战斗中移除）; 稀有度标识: 固有（开局即在起始手牌中）
灵体,事件（无色卡）,技能,1（升级后仍为1）,先古之民,获得1层无实体（使你在下一次受到攻击时，生命值不会低于0）,获得1层无实体。消耗。,https://img1.ali213.net/glpic/2026/03/09/2026030911371368.png,https://img1.ali213.net/glpic/2026/03/09/20260309113714788.png,https://gl.ali213.net/html/2026-3/1751841_2.html,额外属性: 消耗（使用后从本场战斗中移除）; 稀有度标识: 虚无（使用后在本回合结束时消失，不进入弃牌堆）
至亮之焰,事件（无色卡）,技能,0（升级后仍为0）,先古之民,获得能量。抽牌。代价是失去1点最大生命。,获得能量。抽3张牌。失去1点最大生命。,https://img1.ali213.net/glpic/2026/03/09/2026030911371462.png,https://img1.ali213.net/glpic/2026/03/09/20260309113714588.png,https://gl.ali213.net/html/2026-3/1751841_3.html,额外属性: 无
异鸟扑击,事件（无色卡）,攻击,0（升级后仍为0）,事件,造成直接伤害。,造成18点伤害。,https://img1.ali213.net/glpic/2026/03/12/2026031223927587.png,https://img1.ali213.net/glpic/2026/03/12/2026031223928974.png,https://gl.ali213.net/html/2026-3/1751841_4.html,额外属性: 无
开悟,事件（无色卡）,技能,0（升级后仍为0）,事件,使手牌中所有牌的耗能降低至1。升级后效果持续整场战斗而非仅本回合。,在这场战斗，你当前手牌中所有牌的耗能降低至1。消耗。,https://img1.ali213.net/glpic/2026/03/12/2026031223928610.png,https://img1.ali213.net/glpic/2026/03/12/202603122392739.png,https://gl.ali213.net/html/2026-3/1751841_5.html,额外属性: 消耗（使用后从本场战斗中移除）
杀灭,事件（无色卡）,攻击,1（升级后仍为1）,事件,对所有敌人造成多次伤害。每次伤害独立计算，可触发多次相关效果。,对所有敌人造成4点伤害4次。,https://img1.ali213.net/glpic/2026/03/12/2026031223928386.png,https://img1.ali213.net/glpic/2026/03/12/2026031223927453.png,https://gl.ali213.net/html/2026-3/1751841_6.html,额外属性: 无
疯狂进食,事件（无色卡）,技能,0（升级后仍为0）,事件,在本回合内临时提升力量，增强攻击伤害。,在本回合内获得7点力量。,https://img1.ali213.net/glpic/2026/03/12/2026031223928433.png,https://img1.ali213.net/glpic/2026/03/12/2026031223928993.png,https://gl.ali213.net/html/2026-3/1751841_7.html,额外属性: 无
撕咬,事件（无色卡）,攻击,1（升级后仍为1）,先古之民,造成两次伤害，并且在本场战斗中永久提升所有&quot;撕咬&quot;牌的伤害。该效果可叠加。,造成6点伤害两次。在这场战斗中，将所有&quot;撕咬&quot;牌的伤害增加2。,https://img1.ali213.net/glpic/2026/03/12/2026031223928904.png,https://img1.ali213.net/glpic/2026/03/12/2026031223928936.png,https://gl.ali213.net/html/2026-3/1751841_8.html,额外属性: 无
羽化,事件（无色卡）,技能,2（升级后仍为2）,事件,向抽牌堆中加入随机攻击牌，这些牌在本场战斗中耗能为0。,在你的抽牌堆中加入5张随机攻击牌。它们在本场战斗中可以被免费打出。消耗。,https://img1.ali213.net/glpic/2026/03/12/2026031223928138.png,https://img1.ali213.net/glpic/2026/03/12/2026031223928654.png,https://gl.ali213.net/html/2026-3/1751841_9.html,额外属性: 消耗（使用后从本场战斗中移除）
涅奥之怒,事件（无色卡）,攻击,1（升级后仍为1）,先古之民,造成直接伤害，同时从弃牌堆中回收2张随机牌到手牌。,造成14点伤害。将你弃牌堆中的2张随机牌放入你的手牌。消耗。,https://img1.ali213.net/glpic/2026/03/12/2026031223928451.png,https://img1.ali213.net/glpic/2026/03/12/2026031223928123.png,https://gl.ali213.net/html/2026-3/1751841_10.html,额外属性: 消耗（使用后从本场战斗中移除）
啄击,事件（无色卡）,攻击,1（升级后仍为1）,事件,造成多次小型伤害，每次伤害独立计算，可触发多次相关效果。,造成2点伤害4次。,https://img1.ali213.net/glpic/2026/03/12/2026031223928616.png,https://img1.ali213.net/glpic/2026/03/12/2026031223928865.png,https://gl.ali213.net/html/2026-3/1751841_11.html,额外属性: 无
放松,事件（无色卡）,技能,3（升级后仍为3）,先古之民,立即获得格挡，并为下个回合提供额外的抽牌和能量。,获得17点格挡。下个回合，抽3张牌并获得能量。消耗。,https://img1.ali213.net/glpic/2026/03/12/2026031223928338.png,https://img1.ali213.net/glpic/2026/03/12/2026031223928308.png,https://gl.ali213.net/html/2026-3/1751841_12.html,额外属性: 消耗（使用后从本场战斗中移除）
压扁,事件（无色卡）,攻击,1（升级后仍为1）,事件,造成直接伤害，同时给敌人施加易伤效果，使其受到更多伤害。,造成12点伤害。给予3层易伤。,https://img1.ali213.net/glpic/2026/03/12/2026031223928597.png,https://img1.ali213.net/glpic/2026/03/12/2026031223928847.png,https://gl.ali213.net/html/2026-3/1751841_13.html,额外属性: 无
坚韧之环,事件（无色卡）,技能,2（升级后仍为2）,事件,立即获得格挡，并在接下来的两个回合开始时再次获得格挡。,获得7点格挡。在接下来的2个回合开始时，获得7点格挡。,https://img1.ali213.net/glpic/2026/03/12/2026031223928217.png,https://img1.ali213.net/glpic/2026/03/12/2026031223936630.png,https://gl.ali213.net/html/2026-3/1751841_14.html,额外属性: 无
吹哨,事件（无色卡）,攻击,3（升级后仍为3）,先古之民,造成大量伤害，并眩晕目标敌人，使其无法行动。,造成44点伤害。眩晕该敌人。消耗。,https://img1.ali213.net/glpic/2026/03/12/2026031223936631.png,https://img1.ali213.net/glpic/2026/03/12/20260312239366.png,https://gl.ali213.net/html/2026-3/1751841_15.html,额外属性: 消耗（使用后从本场战斗中移除）
许愿,事件（无色卡）,技能,0（升级后仍为0）,先古之民,从抽牌堆中检索一张牌到手牌。升级后获得&quot;保留&quot;属性，可在回合结束时选择保留在手牌而非弃掉。,保留。将你抽牌堆中的一张牌放入你的手牌。消耗。,https://img1.ali213.net/glpic/2026/03/12/2026031223937731.png,https://img1.ali213.net/glpic/2026/03/12/2026031224640793.png,https://gl.ali213.net/html/2026-3/1751841_16.html,额外属性: 消耗（使用后从本场战斗中移除）
来生,亡灵契约师,技能,1（升级后仍为1）,普通,召唤特定数值的召唤物或灵魂力量。具体召唤物类型取决于当前亡灵契约师的构筑与灵魂池。,召唤9。消耗。,https://img1.ali213.net/glpic/2026/03/12/2026031223937783.png,https://img1.ali213.net/glpic/2026/03/12/2026031223937121.png,https://gl.ali213.net/html/2026-3/1751841_17.html,额外属性: 消耗（使用后从本场战斗中移除）
女妖之嚎,亡灵契约师,攻击,6（升级后仍为6，但可通过效果减费）,稀有,对所有敌人造成大量伤害。本场战斗中每打出一张虚无牌，此牌费用减少能量。,对所有敌人造成39点伤害。本场战斗中每打出过一张虚无牌，此牌费用就减少能量。,https://img1.ali213.net/glpic/2026/03/12/2026031223937244.png,https://img1.ali213.net/glpic/2026/03/12/202603122393764.png,https://gl.ali213.net/html/2026-3/1751841_18.html,额外属性: 无
荒疫打击,亡灵契约师,攻击,1（升级后仍为1）,普通,造成直接伤害，并根据造成的伤害量给予敌人同等数值的灾厄效果。,造成10点伤害。给予等量于所造成伤害的灾厄。,https://img1.ali213.net/glpic/2026/03/12/2026031223937223.png,https://img1.ali213.net/glpic/2026/03/12/2026031223937117.png,https://gl.ali213.net/html/2026-3/1751841_19.html,额外属性: 无
护卫,亡灵契约师,技能,1（升级后仍为1）,初始,召唤特定数值的护卫单位。护卫单位会为你吸收伤害或提供其他防御效果。,召唤7。,https://img1.ali213.net/glpic/2026/03/12/2026031223937256.png,https://img1.ali213.net/glpic/2026/03/12/2026031223937957.png,https://gl.ali213.net/html/2026-3/1751841_20.html,额外属性: 无
碎骨,亡灵契约师,攻击,1（升级后仍为1）,罕见,若召唤物&quot;奥斯提&quot;存活，则触发其效果&mdash;&mdash;对所有敌人造成伤害，同时为玩家提供格挡。随后奥斯提死亡。,如果奥斯提存活，则他对所有敌人造成12点伤害并且你获得12点格挡。然后奥斯提死去。,https://img1.ali213.net/glpic/2026/03/12/2026031223937848.png,https://img1.ali213.net/glpic/2026/03/12/202603122393784.png,https://gl.ali213.net/html/2026-3/1751841_21.html,额外属性: 无
预借时间,亡灵契约师,技能,0（升级后仍为0）,罕见,以自身获得灾厄为代价，立即获得额外能量。升级后获得的能量增加。,给予自身3层灾厄。获得能量。,https://img1.ali213.net/glpic/2026/03/12/2026031223937959.png,https://img1.ali213.net/glpic/2026/03/12/2026031223937461.png,https://gl.ali213.net/html/2026-3/1751841_22.html,额外属性: 无
埋葬,亡灵契约师,攻击,4（升级后仍为4）,罕见,造成高额单体伤害。,造成63点伤害。,https://img1.ali213.net/glpic/2026/03/12/2026031223937443.png,https://img1.ali213.net/glpic/2026/03/12/2026031223937107.png,https://gl.ali213.net/html/2026-3/1751841_23.html,额外属性: 无
钙化,亡灵契约师,能力,1（升级后仍为1）,罕见,永久强化召唤物&quot;奥斯提&quot;的攻击伤害。能力牌打出后在本场战斗中持续生效。,奥斯提的攻击额外造成6点伤害。,https://img1.ali213.net/glpic/2026/03/12/2026031223937294.png,https://img1.ali213.net/glpic/2026/03/12/2026031223937864.png,https://gl.ali213.net/html/2026-3/1751841_24.html,额外属性: 无
虚空之唤,亡灵契约师,能力,1（升级后仍为1）,稀有,,固有。在你的回合开始时，将1张随机牌添加到你的手牌中。添加的牌会获得虚无。,https://img1.ali213.net/glpic/2026/03/12/2026031223937594.png,https://img1.ali213.net/glpic/2026/03/12/2026031223937352.png,https://gl.ali213.net/html/2026-3/1751841_25.html,效果字段缺失; 额外属性: 无（升级后增加固有）
捕捉灵魂,亡灵契约师,技能,1（升级后仍为1）,罕见,,敌人失去4点生命。将4张灵魂加入你的抽牌堆。,https://img1.ali213.net/glpic/2026/03/12/2026031232302985.png,https://img1.ali213.net/glpic/2026/03/12/202603123230322.png,https://gl.ali213.net/html/2026-3/1751841_26.html,效果字段缺失; 额外属性: 无
洁净,亡灵契约师,技能,1（升级后仍为1）,罕见,召唤一定数值的召唤单位，同时从抽牌堆中选择一张牌将其消耗（从本场战斗中移除）。,召唤5。从你的抽牌堆中选一张牌消耗。,https://img1.ali213.net/glpic/2026/03/12/2026031232303104.png,https://img1.ali213.net/glpic/2026/03/12/2026031232303611.png,https://gl.ali213.net/html/2026-3/1751841_27.html,额外属性: 无
倒数计时,亡灵契约师,能力,1（升级后仍为1）,罕见,每回合开始时，随机对一名敌人施加灾厄效果。能力牌打出后在本场战斗中持续生效。,在你的回合开始时，给予随机敌人9点灾厄。,https://img1.ali213.net/glpic/2026/03/12/2026031232303334.png,https://img1.ali213.net/glpic/2026/03/12/2026031232303433.png,https://gl.ali213.net/html/2026-3/1751841_28.html,额外属性: 无
死亡之舞,亡灵契约师,能力,1（升级后仍为1）,罕见,每当你打出一张耗能大于等于指定数值的牌时，获得格挡。能力牌打出后在本场战斗中持续生效。,每当你打出一张耗能大于等于能量的牌时，获得4点格挡。,https://img1.ali213.net/glpic/2026/03/12/2026031232303608.png,https://img1.ali213.net/glpic/2026/03/12/2026031232303621.png,https://gl.ali213.net/html/2026-3/1751841_29.html,额外属性: 无
死亡行军,亡灵契约师,攻击,1（升级后仍为1）,罕见,造成基础伤害，并且在本回合内每抽到一张牌，都会使此牌造成的伤害额外增加。,造成9点伤害。你在回合进行中每抽到一张牌，都会使其额外造成4点伤害。,https://img1.ali213.net/glpic/2026/03/12/2026031232303317.png,https://img1.ali213.net/glpic/2026/03/12/2026031232303382.png,https://gl.ali213.net/html/2026-3/1751841_30.html,额外属性: 无
死亡使者,亡灵契约师,技能,2（升级后仍为2）,罕见,对所有敌人施加大量灾厄效果，同时附加1层虚弱，削弱其攻击能力。,给予所有敌人26层灾厄和1层虚弱。,https://img1.ali213.net/glpic/2026/03/12/2026031232303250.png,https://img1.ali213.net/glpic/2026/03/12/2026031232303650.png,https://gl.ali213.net/html/2026-3/1751841_31.html,额外属性: 无
死亡之门,亡灵契约师,技能,1（升级后仍为1）,罕见,获得基础格挡。如果本回合内你已经给敌人施加过灾厄效果，则会额外获得多次格挡。,获得7点格挡。如果你在本回合中曾给予过灾厄，则额外获得2次格挡。,https://img1.ali213.net/glpic/2026/03/12/2026031232303318.png,https://img1.ali213.net/glpic/2026/03/12/2026031232303185.png,https://gl.ali213.net/html/2026-3/1751841_32.html,额外属性: 无
摧残,亡灵契约师,攻击,1（升级后仍为1）,罕见,造成直接伤害，并在接下来的若干回合内，使目标敌人身上的易伤与虚弱效果效率翻倍（即每层效果产生双倍收益）。,造成9点伤害。在接下来的4回合内，该敌人身上的易伤与虚弱效率翻倍。,https://img1.ali213.net/glpic/2026/03/12/2026031232303292.png,https://img1.ali213.net/glpic/2026/03/12/2026031232303600.png,https://gl.ali213.net/html/2026-3/1751841_33.html,额外属性: 无
防御,铁甲战士 / 静默猎手 / 故障机器人 / 亡灵契约师 / 储君,技能,1（升级后仍为1）,初始,获得基础格挡。各职业卡面美术不同，但效果完全相同。,获得8点格挡。,https://img1.ali213.net/glpic/2026/03/12/2026031232303191.png,https://img1.ali213.net/glpic/2026/03/12/2026031232303583.png,https://gl.ali213.net/html/2026-3/1751841_34.html,额外属性: 无
玷污,亡灵契约师,攻击,1（升级后仍为1）,普通,造成直接伤害。牌面附带虚无属性，使用后在本回合结束时消失，不进入弃牌堆。,虚无。造成17点伤害。,https://img1.ali213.net/glpic/2026/03/12/202603123230363.png,https://img1.ali213.net/glpic/2026/03/12/2026031232303437.png,https://gl.ali213.net/html/2026-3/1751841_35.html,额外属性: 虚无
违逆,亡灵契约师,技能,1（升级后仍为1）,普通,获得格挡，同时给敌人施加虚弱效果，削弱其攻击能力。,虚无。获得7点格挡。给予2层虚弱。,https://img1.ali213.net/glpic/2026/03/12/2026031232303333.png,https://img1.ali213.net/glpic/2026/03/12/202603123231469.png,https://gl.ali213.net/html/2026-3/1751841_36.html,额外属性: 虚无
拖延,亡灵契约师,技能,2（升级后仍为2）,罕见,立即获得格挡，并为下个回合提供额外能量。,获得13点格挡。在下个回合，获得能量。,https://img1.ali213.net/glpic/2026/03/12/2026031232314738.png,https://img1.ali213.net/glpic/2026/03/12/2026031232314677.png,https://gl.ali213.net/html/2026-3/1751841_37.html,额外属性: 无
领域,亡灵契约师,能力,3（升级后为2）,稀有,每回合开始时获得额外能量并多抽一张牌。,虚无。在你的回合开始时，获得能量并额外多抽1张牌。,https://img1.ali213.net/glpic/2026/03/12/2026031232314409.png,https://img1.ali213.net/glpic/2026/03/12/2026031232314411.png,https://gl.ali213.net/html/2026-3/1751841_38.html,额外属性: 虚无
吞噬生命,亡灵契约师,能力,1（升级后仍为1）,稀有,每当你打出一张灵魂牌时，召唤一定数值的召唤单位。能力牌打出后在本场战斗中持续生效。,每当你打出一张灵魂时，召唤2。,https://img1.ali213.net/glpic/2026/03/12/2026031232314795.png,https://img1.ali213.net/glpic/2026/03/12/2026031232315457.png,https://gl.ali213.net/html/2026-3/1751841_39.html,额外属性: 无
挽歌,亡灵契约师,技能,X（升级后仍为X）,罕见,消耗X点能量，召唤相应次数的召唤单位，并向抽牌堆中加入X张灵魂牌。,召唤4X次。将X张灵魂+添加到你的抽牌堆中。,https://img1.ali213.net/glpic/2026/03/12/2026031232314141.png,https://img1.ali213.net/glpic/2026/03/12/2026031232314249.png,https://gl.ali213.net/html/2026-3/1751841_40.html,额外属性: 无
能量汲取,亡灵契约师,攻击,1（升级后仍为1）,普通,造成直接伤害，同时随机升级弃牌堆中的若干张牌。,造成12点伤害。随机升级你弃牌堆中的3张牌。,https://img1.ali213.net/glpic/2026/03/12/2026031232314518.png,https://img1.ali213.net/glpic/2026/03/12/2026031232314588.png,https://gl.ali213.net/html/2026-3/1751841_41.html,额外属性: 无
清淤,亡灵契约师,技能,1（升级后仍为1）,罕见,从弃牌堆中回收3张牌到手牌。升级后获得&quot;保留&quot;属性，可在回合结束时选择保留在手牌而非弃掉。,保留。将3张牌从弃牌堆加入你的手牌。消耗。,https://img1.ali213.net/glpic/2026/03/12/2026031232314487.png,https://img1.ali213.net/glpic/2026/03/12/202603123231436.png,https://gl.ali213.net/html/2026-3/1751841_42.html,额外属性: 消耗（使用后从本场战斗中移除）
幻景,亡灵契约师,技能,2（升级后为1）,稀有,,消耗所有手牌。如果有至少9张牌通过这个方法被消耗了，则获得1层无实体。,https://img1.ali213.net/glpic/2026/03/12/2026031232314137.png,https://img1.ali213.net/glpic/2026/03/12/2026031232314765.png,https://gl.ali213.net/html/2026-3/1751841_43.html,效果字段缺失; 额外属性: 无
末日降临,亡灵契约师,技能,3（升级后仍为3）,稀有,对所有敌人施加大量灾厄，并立即击杀所有灾厄层数大于等于其当前生命值的敌人。,给予所有敌人37层灾厄。杀死所有灾厄大于等于自身生命值的敌人。,https://img1.ali213.net/glpic/2026/03/12/2026031232314105.png,https://img1.ali213.net/glpic/2026/03/12/2026031232315688.png,https://gl.ali213.net/html/2026-3/1751841_44.html,额外属性: 无
弱化之触,亡灵契约师,技能,1（升级后仍为1）,罕见,,虚无。让一名敌人在本回合内失去11点力量。,https://img1.ali213.net/glpic/2026/03/12/2026031232314342.png,https://img1.ali213.net/glpic/2026/03/12/2026031232314704.png,https://gl.ali213.net/html/2026-3/1751841_45.html,效果字段缺失; 额外属性: 虚无
根除,亡灵契约师,攻击,X（升级后仍为X）,稀有,消耗X点能量，造成相应次数的伤害。拥有&quot;保留&quot;属性，可在回合结束时选择保留在手牌而非弃掉。,保留。造成14点伤害X次。,https://img1.ali213.net/glpic/2026/03/12/2026031232314165.png,https://img1.ali213.net/glpic/2026/03/12/2026031232314586.png,https://gl.ali213.net/html/2026-3/1751841_46.html,额外属性: 保留
恐惧,亡灵契约师,攻击,1（升级后仍为1）,普通,,虚无。造成8点伤害。给予2层易伤。,https://img1.ali213.net/glpic/2026/03/12/2026031232314461.png,https://img1.ali213.net/glpic/2026/03/12/2026031232315578.png,https://gl.ali213.net/html/2026-3/1751841_47.html,效果字段缺失; 额外属性: 虚无
取回,亡灵契约师,攻击,0（升级后仍为0）,罕见,让召唤物&quot;奥斯提&quot;造成伤害。若此牌是本回合内第一次打出，则额外抽一张牌。,奥斯提造成6点伤害。如果这是这张牌第一次在本回合被打出，则抽1张牌。,https://img1.ali213.net/glpic/2026/03/12/2026031232315354.png,https://img1.ali213.net/glpic/2026/03/12/2026031232315863.png,https://gl.ali213.net/html/2026-3/1751841_48.html,额外属性: 无
重压,亡灵契约师,攻击,2（升级后仍为2）,普通,让召唤物&quot;奥斯提&quot;造成伤害。如果奥斯提在本回合内已经进行过攻击，则此牌耗能变为0。,奥斯提造成16点伤害。如果奥斯提本回合攻击过，则这张牌的费用变为0能量。,https://img1.ali213.net/glpic/2026/03/12/2026031232315191.png,https://img1.ali213.net/glpic/2026/03/12/2026031232315655.png,https://gl.ali213.net/html/2026-3/1751841_49.html,额外属性: 无
禁忌魔典,亡灵契约师,能力,2（升级后为1）,先古之民,,在战斗结束时，你可以从你的牌组中选一张牌移除。永恒。,https://img1.ali213.net/glpic/2026/03/12/2026031232315183.png,https://img1.ali213.net/glpic/2026/03/12/2026031232315522.png,https://gl.ali213.net/html/2026-3/1751841_50.html,效果字段缺失; 额外属性: 永恒
友谊,亡灵契约师,能力,1（升级后仍为1）,罕见,以永久降低力量为代价，在每个回合开始时获得额外能量。能力牌打出后在本场战斗中持续生效。,失去1点力量。在每个回合开始时获得能量。,https://img1.ali213.net/glpic/2026/03/16/2026031623445569.jpg,https://img1.ali213.net/glpic/2026/03/16/2026031623445255.jpg,https://gl.ali213.net/html/2026-3/1751841_51.html,额外属性: 无
彼岸一瞥,亡灵契约师,技能,1（升级后仍为1）,稀有,在所有玩家的抽牌堆中加入若干张灵魂牌。灵魂牌是亡灵契约师特有的资源牌，可用于后续召唤或触发其他效果。,在所有玩家的抽牌堆中加入4张灵魂。消耗。,https://img1.ali213.net/glpic/2026/03/16/2026031623445389.jpg,https://img1.ali213.net/glpic/2026/03/16/2026031623445372.jpg,https://gl.ali213.net/html/2026-3/1751841_52.html,额外属性: 消耗（使用后从本场战斗中移除）
守墓人,亡灵契约师,技能,1（升级后仍为1）,普通,获得格挡，同时向抽牌堆中加入一张灵魂牌。升级后加入的灵魂牌为升级版本（灵魂+）。,获得10点格挡。将一张灵魂+放入你的抽牌堆中。,https://img1.ali213.net/glpic/2026/03/16/2026031623445187.jpg,https://img1.ali213.net/glpic/2026/03/16/2026031623445582.jpg,https://gl.ali213.net/html/2026-3/1751841_53.html,额外属性: 无
坟冢爆射,亡灵契约师,攻击,1（升级后仍为1）,普通,造成直接伤害，并从弃牌堆中回收一张牌到手牌。升级后移除消耗属性。,造成6点伤害。将弃牌堆中的一张牌放入你的手牌。,https://img1.ali213.net/glpic/2026/03/16/2026031623445508.jpg,https://img1.ali213.net/glpic/2026/03/16/2026031623445536.jpg,https://gl.ali213.net/html/2026-3/1751841_54.html,额外属性: 无（升级前为消耗）
吊杀,亡灵契约师,攻击,1（升级后仍为1）,稀有,造成直接伤害，并使所有&quot;吊杀&quot;牌对同一名敌人造成的伤害翻倍。该效果可叠加。,造成13点伤害。让所有&quot;吊杀&quot;牌对这名敌人造成的伤害翻倍。,https://img1.ali213.net/glpic/2026/03/16/2026031623445428.jpg,https://img1.ali213.net/glpic/2026/03/16/2026031623445268.jpg,https://gl.ali213.net/html/2026-3/1751841_55.html,额外属性: 无
纠缠,亡灵契约师,能力,1（升级后仍为1）,罕见,每当你打出一张灵魂牌时，随机一名敌人直接失去生命（无视格挡）。能力牌打出后在本场战斗中持续生效。,每当你打出一张灵魂时，随机一名敌人失去8点生命。,https://img1.ali213.net/glpic/2026/03/16/2026031623445559.jpg,https://img1.ali213.net/glpic/2026/03/16/2026031623446138.jpg,https://gl.ali213.net/html/2026-3/1751841_56.html,额外属性: 无
击掌,亡灵契约师,攻击,2（升级后仍为2）,罕见,让召唤物&quot;奥斯提&quot;对所有敌人造成伤害，并同时对所有敌人施加易伤效果，使其受到更多伤害。,奥斯提造成13点伤害并且给予所有敌人3层易伤。,https://img1.ali213.net/glpic/2026/03/16/202603162344638.jpg,https://img1.ali213.net/glpic/2026/03/16/2026031623445500.jpg,https://gl.ali213.net/html/2026-3/1751841_57.html,额外属性: 无
唤起,亡灵契约师,技能,1（升级后仍为1）,普通,为下个回合提供召唤单位和额外能量，延迟收益。,在下个回合召唤3并获得能量。,https://img1.ali213.net/glpic/2026/03/16/2026031623446892.jpg,https://img1.ali213.net/glpic/2026/03/16/2026031623446474.jpg,https://gl.ali213.net/html/2026-3/1751841_58.html,额外属性: 无
骸骨军团,亡灵契约师,技能,2（升级后仍为2）,罕见,所有玩家（在多人模式下）或玩家自身（在单人模式下）召唤一定数值的召唤单位。,所有玩家召唤8。消耗。,https://img1.ali213.net/glpic/2026/03/16/2026031623445200.jpg,https://img1.ali213.net/glpic/2026/03/16/2026031623446556.jpg,https://gl.ali213.net/html/2026-3/1751841_59.html,额外属性: 消耗（使用后从本场战斗中移除）
致死性,亡灵契约师,能力,1（升级后仍为1）,罕见,,虚无。每回合的第一张攻击牌会造成75%额外伤害。,https://img1.ali213.net/glpic/2026/03/16/2026031623446927.jpg,https://img1.ali213.net/glpic/2026/03/16/2026031623445263.jpg,https://gl.ali213.net/html/2026-3/1751841_60.html,效果字段缺失; 额外属性: 虚无
忧郁,亡灵契约师,技能,3（升级后仍为3）,罕见,,获得17点格挡。每当有任何生物死亡时，这张牌的耗能减少能量。,https://img1.ali213.net/glpic/2026/03/16/2026031623445197.jpg,,https://gl.ali213.net/html/2026-3/1751841_61.html,效果字段缺失; 额外属性: 无
苦难,亡灵契约师,攻击,0（升级后仍为0）,稀有,造成直接伤害，并将目标敌人身上的所有负面效果复制给其他所有敌人。升级后获得&quot;保留&quot;属性，可在回合结束时选择保留在手牌而非弃掉。,保留。造成9点伤害。给予其他敌人该名敌人身上的所有负面效果。,https://img1.ali213.net/glpic/2026/03/16/2026031623453292.jpg,https://img1.ali213.net/glpic/2026/03/16/202603162345320.jpg,https://gl.ali213.net/html/2026-3/1751841_62.html,额外属性: 无（升级后增加保留）
亡灵精通,亡灵契约师,能力,2（升级后仍为2）,稀有,,召唤8。每当奥斯提失去生命值时，所有敌人失去等量生命值。,https://img1.ali213.net/glpic/2026/03/16/2026031623453911.jpg,https://img1.ali213.net/glpic/2026/03/16/2026031623453682.jpg,https://gl.ali213.net/html/2026-3/1751841_63.html,效果字段缺失; 额外属性: 无
负能量脉冲,亡灵契约师,技能,1（升级后仍为1）,普通,获得格挡，同时对所有敌人施加灾厄效果。,获得6点格挡。给予所有敌人11层灾厄。,https://img1.ali213.net/glpic/2026/03/16/2026031623453487.jpg,https://img1.ali213.net/glpic/2026/03/16/2026031623453217.jpg,https://gl.ali213.net/html/2026-3/1751841_64.html,额外属性: 无
精神过载,亡灵契约师,能力,0（升级后仍为0）,稀有,立即获得大量能量并抽牌，但作为代价，每回合开始时自身获得灾厄。能力牌打出后在本场战斗中持续生效。,获得4点能量。抽2张牌。在你的回合开始时，给予自身3层灾厄。,https://img1.ali213.net/glpic/2026/03/16/2026031623454766.jpg,https://img1.ali213.net/glpic/2026/03/16/2026031623454918.jpg,https://gl.ali213.net/html/2026-3/1751841_65.html,额外属性: 无
无处可逃,亡灵契约师,技能,1（升级后仍为1）,罕见,对一名敌人施加灾厄，并根据其已有灾厄层数追加额外灾厄。基础值越高，追加效果越强。,给予15层灾厄，敌人身上每有10层灾厄，则额外给予这名敌人5层灾厄。,https://img1.ali213.net/glpic/2026/03/16/2026031623453637.jpg,https://img1.ali213.net/glpic/2026/03/16/2026031623453304.jpg,https://gl.ali213.net/html/2026-3/1751841_66.html,额外属性: 无
湮灭,亡灵契约师,技能,0（升级后仍为0）,稀有,在本回合内，每打出一张牌，就对指定的敌人施加一定层数的灾厄。打出的牌越多，灾厄叠加越多。,你在本回合内每打出一张牌，就给予该敌人4层灾厄。,https://img1.ali213.net/glpic/2026/03/16/2026031623454514.jpg,https://img1.ali213.net/glpic/2026/03/16/2026031623454473.jpg,https://gl.ali213.net/html/2026-3/1751841_67.html,额外属性: 无
书页风暴,亡灵契约师,能力,1（升级后为0）,罕见,每当你抽到一张虚无牌时，额外抽一张牌。能力牌打出后在本场战斗中持续生效。,每当你抽到一张虚无牌时，抽1张牌。,https://img1.ali213.net/glpic/2026/03/16/2026031623454616.jpg,https://img1.ali213.net/glpic/2026/03/16/2026031623454353.jpg,https://gl.ali213.net/html/2026-3/1751841_68.html,额外属性: 无
领会,亡灵契约师,技能,1（升级后仍为1）,罕见,抽若干张牌。牌面附带虚无属性，使用后在本回合结束时消失，不进入弃牌堆。,虚无。抽4张牌。,https://img1.ali213.net/glpic/2026/03/16/2026031623454590.jpg,https://img1.ali213.net/glpic/2026/03/16/2026031623454664.jpg,https://gl.ali213.net/html/2026-3/1751841_69.html,额外属性: 虚无
戳击,亡灵契约师,攻击,0（升级后仍为0）,普通,让召唤物&quot;奥斯提&quot;造成直接伤害。,奥斯提造成9点伤害。,https://img1.ali213.net/glpic/2026/03/16/2026031623454868.jpg,https://img1.ali213.net/glpic/2026/03/16/2026031623454171.jpg,https://gl.ali213.net/html/2026-3/1751841_70.html,额外属性: 无
守护者,亡灵契约师,攻击,1（升级后为0）,先古之民,让召唤物&quot;奥斯提&quot;造成基础伤害，并额外造成等同于奥斯提最大生命值的伤害。奥斯提的生命值越高，此牌伤害越高。,奥斯提造成15点伤害。额外造成等量于奥斯提最大生命值的伤害。,https://img1.ali213.net/glpic/2026/03/16/2026031623455756.jpg,https://img1.ali213.net/glpic/2026/03/16/2026031623455760.jpg,https://gl.ali213.net/html/2026-3/1751841_71.html,额外属性: 无
吸引仇恨,亡灵契约师,技能,2（升级后仍为2）,普通,召唤一定数值的召唤单位，同时为自己提供格挡。兼具防御与召唤双重效果。,召唤5。获得9点格挡。,https://img1.ali213.net/glpic/2026/03/16/2026031623454236.jpg,https://img1.ali213.net/glpic/2026/03/16/2026031623454669.jpg,https://gl.ali213.net/html/2026-3/1751841_72.html,额外属性: 无
亡魂牵引,亡灵契约师,攻击,1（升级后仍为1）,罕见,本场战斗中每打出过一张虚无牌，此牌就造成一次固定伤害。虚无牌打出次数越多，伤害次数越多。,本场战斗中每打出过一张虚无牌，此牌就造成7点伤害一次。,https://img1.ali213.net/glpic/2026/03/16/2026031623454559.jpg,https://img1.ali213.net/glpic/2026/03/16/202603162345456.jpg,https://gl.ali213.net/html/2026-3/1751841_73.html,额外属性: 无
腐败,亡灵契约师,技能,1（升级后仍为1）,罕见,对敌人同时施加虚弱（降低攻击力）和易伤（增加所受伤害）两种负面效果。,给予3层虚弱。给予3层易伤。消耗。,https://img1.ali213.net/glpic/2026/03/16/202603162345438.jpg,https://img1.ali213.net/glpic/2026/03/16/2026031623454227.jpg,https://gl.ali213.net/html/2026-3/1751841_74.html,额外属性: 消耗（使用后从本场战斗中移除）
猛晃,亡灵契约师,攻击,1（升级后仍为1）,罕见,,奥斯提造成9点伤害。他在本回合每攻击过一次，此牌就额外造成一次伤害。,https://img1.ali213.net/glpic/2026/03/16/2026031623455913.jpg,https://img1.ali213.net/glpic/2026/03/16/2026031623454510.jpg,https://gl.ali213.net/html/2026-3/1751841_75.html,效果字段缺失; 额外属性: 无
死者苏生,亡灵契约师,技能,3（升级后仍为3）,稀有,召唤大量召唤单位，是亡灵契约师的高费召唤核心牌之一。,召唤25。消耗。,https://img1.ali213.net/glpic/2026/03/16/2026031640959932.png,https://img1.ali213.net/glpic/2026/03/16/202603164095921.png,https://gl.ali213.net/html/2026-3/1751841_76.html,额外属性: 消耗（使用后从本场战斗中移除）
收割,亡灵契约师,攻击,3（升级后仍为3）,普通,造成高额单体伤害。拥有&quot;保留&quot;属性，可在回合结束时选择保留在手牌而非弃掉。,保留。造成33点伤害。,https://img1.ali213.net/glpic/2026/03/16/2026031640959247.png,https://img1.ali213.net/glpic/2026/03/16/2026031640959116.png,https://gl.ali213.net/html/2026-3/1751841_77.html,额外属性: 保留
死神形态,亡灵契约师,能力,3（升级后仍为3）,稀有,,保留。每当你的攻击造成伤害时，同时给予等量的灾厄。,https://img1.ali213.net/glpic/2026/03/16/2026031640959597.png,https://img1.ali213.net/glpic/2026/03/16/2026031640959739.png,https://gl.ali213.net/html/2026-3/1751841_78.html,效果字段缺失; 额外属性: 无（升级后增加保留）
剥夺,亡灵契约师,攻击,1（升级后仍为1）,普通,造成直接伤害，同时向抽牌堆中加入一张灵魂牌。升级后加入的灵魂牌为升级版本（灵魂+）。,造成11点伤害。将一张灵魂+加入你的抽牌堆。,https://img1.ali213.net/glpic/2026/03/16/2026031640959473.png,https://img1.ali213.net/glpic/2026/03/16/2026031640959991.png,https://gl.ali213.net/html/2026-3/1751841_79.html,额外属性: 无
得力助手,亡灵契约师,攻击,0（升级后仍为0）,罕见,让召唤物&quot;奥斯提&quot;造成伤害。每当玩家打出耗能大于等于2点的牌时，将此牌从弃牌堆移回手牌，实现循环利用。,奥斯提造成6点伤害。每当你打出耗能为2点或以上的牌，将此牌从弃牌堆放回你的手牌。,https://img1.ali213.net/glpic/2026/03/16/2026031640959430.png,https://img1.ali213.net/glpic/2026/03/16/2026031640959795.png,https://gl.ali213.net/html/2026-3/1751841_80.html,额外属性: 无
牺牲,亡灵契约师,技能,1（升级后为0）,稀有,,保留。如果奥斯提存活，则他死去，然后你获得等量于其双倍最大生命值的格挡。,https://img1.ali213.net/glpic/2026/03/16/2026031640959456.png,https://img1.ali213.net/glpic/2026/03/16/2026031640959265.png,https://gl.ali213.net/html/2026-3/1751841_81.html,效果字段缺失; 额外属性: 保留
鞭打,亡灵契约师,技能,1（升级后仍为1）,普通,对敌人施加灾厄效果，同时抽取若干张牌。兼具输出与过牌功能。,给予16层灾厄。抽2张牌。,https://img1.ali213.net/glpic/2026/03/16/2026031640959282.png,https://img1.ali213.net/glpic/2026/03/16/2026031640959248.png,https://gl.ali213.net/html/2026-3/1751841_82.html,额外属性: 无
雕琢打击,亡灵契约师,攻击,1（升级后仍为1）,普通,造成直接伤害，并为一张手牌附加虚无属性（使该牌在使用后于本回合结束时消失，不进入弃牌堆）。,造成11点伤害。将虚无添加至一张手牌。,https://img1.ali213.net/glpic/2026/03/16/2026031640959330.png,https://img1.ali213.net/glpic/2026/03/16/202603164095911.png,https://gl.ali213.net/html/2026-3/1751841_83.html,额外属性: 无
降灵,亡灵契约师,技能,0（升级后仍为0）,稀有,,虚无。将你抽牌堆中的一张牌变化为灵魂+。,https://img1.ali213.net/glpic/2026/03/16/2026031640959246.png,https://img1.ali213.net/glpic/2026/03/16/2026031640959360.png,https://gl.ali213.net/html/2026-3/1751841_84.html,效果字段缺失; 额外属性: 虚无
哨卫模式,亡灵契约师,能力,2（升级后为1）,稀有,每回合开始时，将一张&quot;扫荡凝视&quot;牌加入手牌。能力牌打出后在本场战斗中持续生效。,在你的回合开始时，将1张扫荡凝视加入你的手牌。,https://img1.ali213.net/glpic/2026/03/16/2026031640959160.png,https://img1.ali213.net/glpic/2026/03/16/2026031640959818.png,https://gl.ali213.net/html/2026-3/1751841_85.html,额外属性: 无
切断,亡灵契约师,攻击,2（升级后仍为2）,罕见,造成直接伤害，并同时向抽牌堆、手牌和弃牌堆各加入一张灵魂牌，全方位补充灵魂资源。,造成18点伤害。将一张灵魂分别加入你的抽牌堆，手牌和弃牌堆中。,https://img1.ali213.net/glpic/2026/03/16/2026031640959985.png,https://img1.ali213.net/glpic/2026/03/16/2026031641008162.png,https://gl.ali213.net/html/2026-3/1751841_86.html,额外属性: 无
命运同担,亡灵契约师,技能,0（升级后仍为0）,稀有,以自身失去力量为代价，使敌人也失去力量，实现双向削弱。升级后敌人失去的力量更多。,失去2点力量。敌人失去3点力量。消耗。,https://img1.ali213.net/glpic/2026/03/16/2026031641008361.png,https://img1.ali213.net/glpic/2026/03/16/2026031641008802.png,https://gl.ali213.net/html/2026-3/1751841_87.html,额外属性: 消耗（使用后从本场战斗中移除）
厄运之衣,亡灵契约师,能力,1（升级后仍为1）,罕见,每当你对敌人施加灾厄效果时，获得一定量的格挡。灾厄施加越多，格挡积累越多。能力牌打出后在本场战斗中持续生效。,每当你给予灾厄时，获得3点格挡。,https://img1.ali213.net/glpic/2026/03/16/2026031641008951.png,https://img1.ali213.net/glpic/2026/03/16/2026031641008504.png,https://gl.ali213.net/html/2026-3/1751841_88.html,额外属性: 无
紧追不放,亡灵契约师,攻击,1（升级后仍为1）,罕见,,奥斯提造成6点伤害。在本回合内，每当奥斯提攻击这名敌人时，召唤3。,https://img1.ali213.net/glpic/2026/03/16/2026031641008568.png,https://img1.ali213.net/glpic/2026/03/16/2026031641008569.png,https://gl.ali213.net/html/2026-3/1751841_89.html,效果字段缺失; 额外属性: 无
血肉戏法,亡灵契约师,能力,2（升级后仍为2）,罕见,,每当你给予一个敌人负面状态时，使其受到13点伤害。,https://img1.ali213.net/glpic/2026/03/16/2026031641008971.png,https://img1.ali213.net/glpic/2026/03/16/2026031641008535.png,https://gl.ali213.net/html/2026-3/1751841_90.html,效果字段缺失; 额外属性: 无
抓取,亡灵契约师,攻击,1（升级后仍为1）,普通,让召唤物&quot;奥斯提&quot;造成伤害，并为一张手牌附加&quot;保留&quot;属性，使其可在回合结束时选择保留在手牌而非弃掉。,奥斯提造成10点伤害。给手牌中的一张牌添加保留。,https://img1.ali213.net/glpic/2026/03/16/2026031641008422.png,https://img1.ali213.net/glpic/2026/03/16/2026031641008364.png,https://gl.ali213.net/html/2026-3/1751841_91.html,额外属性: 无
灵魂风暴,亡灵契约师,攻击,1（升级后仍为1）,稀有,造成基础伤害，并根据消耗牌堆中的灵魂牌数量额外增加伤害。消耗牌堆中的灵魂牌越多，此牌伤害越高。,造成9点伤害。你的消耗牌堆中每有一张灵魂，伤害增加3。,https://img1.ali213.net/glpic/2026/03/16/2026031641009954.png,https://img1.ali213.net/glpic/2026/03/16/202603164100831.png,https://gl.ali213.net/html/2026-3/1751841_92.html,额外属性: 无
播种,亡灵契约师,攻击,1（升级后仍为1）,普通,对所有敌人造成直接伤害。拥有&quot;保留&quot;属性，可在回合结束时选择保留在手牌而非弃掉。,保留。对所有敌人造成11点伤害。,https://img1.ali213.net/glpic/2026/03/16/2026031641008320.png,https://img1.ali213.net/glpic/2026/03/16/2026031641008307.png,https://gl.ali213.net/html/2026-3/1751841_93.html,额外属性: 保留
灰烬之灵,亡灵契约师,能力,1（升级后仍为1）,稀有,每当你打出一张虚无牌时，获得一定量的格挡。虚无牌打出越频繁，格挡积累越多。能力牌打出后在本场战斗中持续生效。,每当你打出一张虚无牌时，获得5点格挡。,https://img1.ali213.net/glpic/2026/03/16/2026031641008988.png,https://img1.ali213.net/glpic/2026/03/16/2026031641008552.png,https://gl.ali213.net/html/2026-3/1751841_94.html,额外属性: 无
增生,亡灵契约师,技能,1（升级后仍为1）,罕见,召唤一定数量的召唤单位，并为奥斯提恢复生命值。拥有&quot;保留&quot;属性，可在回合结束时选择保留在手牌而非弃掉。,保留。召唤5。奥斯提回复7点生命。,https://img1.ali213.net/glpic/2026/03/16/20260316410080.png,https://img1.ali213.net/glpic/2026/03/16/2026031641008114.png,https://gl.ali213.net/html/2026-3/1751841_95.html,额外属性: 保留
榨取,亡灵契约师,攻击,3（升级后仍为3）,稀有,让召唤物&quot;奥斯提&quot;造成基础伤害，并根据牌组中所有与奥斯提相关的攻击牌数量额外增加伤害。奥斯提攻击牌越多，此牌伤害越高。,奥斯提造成30点伤害。你每有一张奥斯提的攻击牌，这张牌就额外造成6点伤害。,https://img1.ali213.net/glpic/2026/03/16/2026031641008499.png,https://img1.ali213.net/glpic/2026/03/16/202603164100892.png,https://gl.ali213.net/html/2026-3/1751841_96.html,额外属性: 无
打击,铁甲战士 / 静默猎手 / 故障机器人 / 亡灵契约师 / 储君,攻击,1（升级后仍为1）,初始,造成基础伤害。各职业卡面美术不同，但效果完全相同。,造成9点伤害。,https://img1.ali213.net/glpic/2026/03/16/2026031641008390.png,https://img1.ali213.net/glpic/2026/03/16/2026031641008689.png,https://gl.ali213.net/html/2026-3/1751841_97.html,额外属性: 无
巨镰,亡灵契约师,攻击,2（升级后仍为2）,稀有,,造成13点伤害。这张牌在本局游戏中的伤害永久性增加4。消耗。,https://img1.ali213.net/glpic/2026/03/16/2026031641008960.png,https://img1.ali213.net/glpic/2026/03/16/2026031641009246.png,https://gl.ali213.net/html/2026-3/1751841_98.html,效果字段缺失; 额外属性: 消耗（使用后从本场战斗中移除）
大限已至,亡灵契约师,攻击,2（升级后仍为2）,稀有,,保留。造成等量于该敌人身上的灾厄层数的伤害。消耗。,https://img1.ali213.net/glpic/2026/03/16/2026031641009260.png,https://img1.ali213.net/glpic/2026/03/16/202603164100819.png,https://gl.ali213.net/html/2026-3/1751841_99.html,效果字段缺失; 额外属性: 消耗（使用后从本场战斗中移除）
重构,亡灵契约师,技能,1（升级后仍为1）,稀有,,给一张手牌添加重放。其费用增加1能量。消耗。,https://img1.ali213.net/glpic/2026/03/16/2026031641009725.png,https://img1.ali213.net/glpic/2026/03/16/2026031641009982.png,https://gl.ali213.net/html/2026-3/1751841_100.html,效果字段缺失; 额外属性: 消耗（使用后从本场战斗中移除）
不死,亡灵契约师,技能,0（升级后仍为0）,稀有,获得格挡，并在弃牌堆中放入一张此牌的复制品，实现自我复制循环。,获得9点格挡。在弃牌堆放入一张此牌的复制品。,https://img1.ali213.net/glpic/2026/03/17/2026031724008311.png,https://img1.ali213.net/glpic/2026/03/17/2026031724008776.png,https://gl.ali213.net/html/2026-3/1751841_101.html,额外属性: 无
出击,亡灵契约师,攻击,1（升级后仍为1）,初始,让召唤物&quot;奥斯提&quot;造成基础伤害，并额外造成等同于奥斯提当前生命值的伤害。奥斯提生命值越高，此牌伤害越高。,奥斯提造成9点伤害。这张牌额外造成等量于奥斯提当前生命值的伤害。,https://img1.ali213.net/glpic/2026/03/17/2026031724009540.png,https://img1.ali213.net/glpic/2026/03/17/2026031724008128.png,https://gl.ali213.net/html/2026-3/1751841_102.html,额外属性: 无
刺破帷幕,亡灵契约师,攻击,1（升级后仍为1）,罕见,造成直接伤害，并使你打出的下一张虚无牌耗能变为0，实现免费打出。,造成13点伤害。你打出的下一张虚无牌耗能变为0能量。,https://img1.ali213.net/glpic/2026/03/17/2026031724009746.png,https://img1.ali213.net/glpic/2026/03/17/2026031724009672.png,https://gl.ali213.net/html/2026-3/1751841_103.html,额外属性: 无
鬼火,亡灵契约师,技能,0（升级后仍为0）,普通,立即获得能量。升级后获得&quot;保留&quot;属性，可在回合结束时选择保留在手牌而非弃掉。,保留。获得能量。消耗。,https://img1.ali213.net/glpic/2026/03/17/2026031724008228.png,https://img1.ali213.net/glpic/2026/03/17/2026031724009365.png,https://gl.ali213.net/html/2026-3/1751841_104.html,额外属性: 消耗（使用后从本场战斗中移除）
多尼斯异鸟蛋,任务,任务牌,无,任务,不能被打出。可在休息处选择&quot;孵化&quot;选项进行处理。,,https://img1.ali213.net/glpic/2026/03/17/2026031724009228.png,,https://gl.ali213.net/html/2026-3/1751841_105.html,
灯火钥匙,任务,任务牌,无,任务,不能被打出。持有此牌可在下一阶段（即下一个act或区域）解锁一个特殊事件。,,https://img1.ali213.net/glpic/2026/03/17/202603172400929.png,,https://gl.ali213.net/html/2026-3/1751841_106.html,
藏宝图,任务,任务牌,无,任务,不能被打出。持有此牌进入下一阶段后，会在地图上标记一个含有600额外金币的特殊宝箱房。,,https://img1.ali213.net/glpic/2026/03/17/20260317240091000.png,,https://gl.ali213.net/html/2026-3/1751841_107.html,
星位序列,储君,技能,0（升级后仍为0）,罕见,立即获得储君职业的专属能量。,获得能量。,https://img1.ali213.net/glpic/2026/03/17/2026031724009184.png,https://img1.ali213.net/glpic/2026/03/17/2026031724009599.png,https://gl.ali213.net/html/2026-3/1751841_108.html,额外属性: 无
武器库,储君,能力,1（升级后仍为1）,稀有,,你每打出一张无色牌，都获得2点力量。,https://img1.ali213.net/glpic/2026/03/17/2026031724009281.png,https://img1.ali213.net/glpic/2026/03/17/2026031724009396.png,https://gl.ali213.net/html/2026-3/1751841_109.html,效果字段缺失; 额外属性: 无
星界脉冲,储君,攻击,0（升级后仍为0）,普通,对所有敌人造成直接伤害，是储君职业的0费群体攻击牌。,对所有敌人造成18点伤害。,https://img1.ali213.net/glpic/2026/03/17/2026031724009538.png,https://img1.ali213.net/glpic/2026/03/17/2026031724009553.png,https://gl.ali213.net/html/2026-3/1751841_110.html,额外属性: 无
锻打成型,储君,攻击,1（升级后仍为1）,稀有,造成直接伤害，并进行基础铸造。本回合内，你此前击中该敌人的次数越多，额外铸造的次数也越多，实现连击收益。,造成7点伤害。铸造7。本回合此前你击中过该敌人几次，就额外铸造7。,https://img1.ali213.net/glpic/2026/03/17/2026031724009187.png,https://img1.ali213.net/glpic/2026/03/17/2026031724009751.png,https://gl.ali213.net/html/2026-3/1751841_111.html,额外属性: 无
下去！,储君,攻击,1（升级后仍为1）,普通,造成直接伤害，并将手牌中的一张牌转化为&quot;仆从俯冲&quot;牌。升级后转化的&quot;仆从俯冲&quot;牌为升级版本。,造成5点伤害。选择你手牌中的一张牌，将其变化为仆从俯冲+。,https://img1.ali213.net/glpic/2026/03/17/2026031724009887.png,https://img1.ali213.net/glpic/2026/03/17/2026031724009729.png,https://gl.ali213.net/html/2026-3/1751841_112.html,额外属性: 无
大爆炸,储君,技能,0（升级后仍为0）,稀有,抽牌、获得储君专属能量、获得星标、进行铸造，是储君职业的多功能资源牌。升级后获得&quot;固有&quot;属性，开局即在手牌中。,固有。抽1张牌。获得能量。获得星标。铸造5。消耗。,https://img1.ali213.net/glpic/2026/03/17/2026031724026372.png,https://img1.ali213.net/glpic/2026/03/17/2026031724026439.png,https://gl.ali213.net/html/2026-3/1751841_113.html,额外属性: 消耗（使用后从本场战斗中移除）
黑洞,储君,能力,1（升级后仍为1）,罕见,每当你使用或获得星标时，对所有敌人造成固定伤害。星标获取越频繁，群体伤害越高。能力牌打出后在本场战斗中持续生效。,每当你使用或获得星标时，对所有敌人造成4点伤害。,https://img1.ali213.net/glpic/2026/03/17/2026031724026423.png,https://img1.ali213.net/glpic/2026/03/17/202603172402679.png,https://gl.ali213.net/html/2026-3/1751841_114.html,额外属性: 无
轰击,储君,攻击,3（升级后仍为3）,稀有,造成直接伤害，并在每回合开始时从消耗牌堆中自动打出此牌，实现持续输出。,造成24点伤害。在你的回合开始时，从消耗牌堆打出这张牌。消耗。,https://img1.ali213.net/glpic/2026/03/17/202603172402616.png,https://img1.ali213.net/glpic/2026/03/17/2026031724026139.png,https://gl.ali213.net/html/2026-3/1751841_115.html,额外属性: 消耗（使用后从本场战斗中移除，但会从消耗牌堆中自动打出）
铸墙,储君,技能,2（升级后仍为2）,罕见,获得格挡，同时进行铸造，兼具防御与资源积累功能。,获得16点格挡。铸造13。,https://img1.ali213.net/glpic/2026/03/17/2026031724026230.png,https://img1.ali213.net/glpic/2026/03/17/2026031724026802.png,https://gl.ali213.net/html/2026-3/1751841_116.html,额外属性: 无
新生之喜,储君,技能,2（升级后仍为2）,稀有,立即向手牌中添加若干张随机无色牌，提供额外的战术选择和资源。,将4张随机无色牌添加到你的手牌。消耗。,https://img1.ali213.net/glpic/2026/03/17/2026031724026935.png,https://img1.ali213.net/glpic/2026/03/17/202603172402696.png,https://gl.ali213.net/html/2026-3/1751841_117.html,额外属性: 消耗（使用后从本场战斗中移除）
天穹之力,储君,攻击,2（升级后仍为2）,普通,造成多次伤害，每次伤害独立计算，可触发多次相关效果。,造成8点伤害3次。,https://img1.ali213.net/glpic/2026/03/17/2026031724026676.png,https://img1.ali213.net/glpic/2026/03/17/2026031724026165.png,https://gl.ali213.net/html/2026-3/1751841_118.html,额外属性: 无
冲锋！！,储君,技能,1（升级后仍为1）,罕见,从抽牌堆中选择2张牌，将其转化为&quot;仆从打击&quot;牌。升级后转化的&quot;仆从打击&quot;牌为升级版本。,选择你抽牌堆中的2张牌，将其变化为仆从打击+。,https://img1.ali213.net/glpic/2026/03/17/2026031724026117.png,https://img1.ali213.net/glpic/2026/03/17/2026031724026501.png,https://gl.ali213.net/html/2026-3/1751841_119.html,额外属性: 无
群星之子,储君,能力,1（升级后仍为1）,罕见,每当你花费星标时，根据花费的星标数量获得格挡。花费的星标越多，获得的格挡越多。能力牌打出后在本场战斗中持续生效。,每当你花费星标时，每花费一点星标，获得3点格挡。,https://img1.ali213.net/glpic/2026/03/17/2026031724026267.png,https://img1.ali213.net/glpic/2026/03/17/20260317240267.png,https://gl.ali213.net/html/2026-3/1751841_120.html,额外属性: 无
群星斗篷,储君,技能,0（升级后仍为0）,普通,获得格挡，是储君职业的0费防御牌。,获得10点格挡。,https://img1.ali213.net/glpic/2026/03/17/2026031724026836.png,https://img1.ali213.net/glpic/2026/03/17/2026031724026274.png,https://gl.ali213.net/html/2026-3/1751841_121.html,额外属性: 无
碰撞轨迹,储君,攻击,0（升级后仍为0）,普通,造成直接伤害，同时向手牌中添加一张&quot;碎屑&quot;牌，提供额外的资源。,造成12点伤害。将一张碎屑添加至你的手牌。,https://img1.ali213.net/glpic/2026/03/17/2026031724026513.png,https://img1.ali213.net/glpic/2026/03/17/2026031724026703.png,https://gl.ali213.net/html/2026-3/1751841_122.html,额外属性: 无
彗星,储君,攻击,0（升级后仍为0）,稀有,造成高额直接伤害，同时给敌人施加虚弱（降低攻击力）和易伤（增加所受伤害）两种负面效果，是性价比极高的多功能攻击牌。,造成44点伤害。给予3层虚弱。给予3层易伤。,https://img1.ali213.net/glpic/2026/03/17/2026031724026406.png,https://img1.ali213.net/glpic/2026/03/17/2026031724036594.png,https://gl.ali213.net/html/2026-3/1751841_123.html,额外属性: 无
征服者,储君,技能,1（升级后仍为1）,罕见,进行铸造，并使&quot;君王之剑&quot;在本回合内对敌人造成双倍伤害，强化核心输出能力。,铸造5。君王之剑在本回合对敌人造成双倍伤害。,https://img1.ali213.net/glpic/2026/03/17/2026031724035552.png,https://img1.ali213.net/glpic/2026/03/17/2026031724035655.png,https://gl.ali213.net/html/2026-3/1751841_124.html,额外属性: 无
汇流,储君,技能,1（升级后仍为1）,罕见,在本回合内保留所有手牌（不会在回合结束时弃掉），并为下个回合提供储君专属能量和星标，实现跨回合资源积累。,在本回合保留你的手牌。在下个回合，获得能量与星标。,https://img1.ali213.net/glpic/2026/03/17/2026031724036638.png,https://img1.ali213.net/glpic/2026/03/17/2026031724035309.png,https://gl.ali213.net/html/2026-3/1751841_125.html,额外属性: 无
宇宙冷漠,储君,技能,1（升级后仍为1）,普通,获得格挡，并将弃牌堆中的一张牌置于抽牌堆顶部，实现牌序控制与资源调度。,获得9点格挡。将弃牌堆中的一张牌放到你的抽牌堆的顶部。,https://img1.ali213.net/glpic/2026/03/17/2026031724036174.png,https://img1.ali213.net/glpic/2026/03/17/202603172403665.png,https://gl.ali213.net/html/2026-3/1751841_126.html,额外属性: 无
迫降,储君,攻击,1（升级后仍为1）,稀有,对所有敌人造成群体伤害，并用&quot;碎屑&quot;牌填满当前手牌的所有空位，提供大量资源。,对所有敌人造成26点伤害。用碎屑填满你的手牌。,https://img1.ali213.net/glpic/2026/03/17/2026031724036940.png,https://img1.ali213.net/glpic/2026/03/17/202603172403619.png,https://gl.ali213.net/html/2026-3/1751841_127.html,额外属性: 无
